Znumber,smiles,score
Z1201618106,CN1C(=O)OC(C)(C)C1=O,-4.706
Z99599698,CCC1(C)CC(=O)NC(=O)C1,-5.527
Z1222399234,N[C@@H](CSCC(=O)O)C(=O)O,-4.426
Z1089994842,CN=C(NC)NCc1ccccc1,-5.997
Z56871821,Nc1c2ccccc2nc2ccccc12,-8.06
Z56347248,NS(=O)(=O)c1cc2c(cc1Cl)NCNS2(=O)=O,-6.928
Z1695772815,COc1ccc2cc([C@H](C)C(=O)O)ccc2c1,-7.715
Z1954804578,Cc1ccnc(NS(=O)(=O)c2ccc(N)cc2)n1,-7.531
Z203045352,O=S(=O)(O)c1ccc2nc(-c3ccccc3)[nH]c2c1,-8.216
Z1530532755,O=C(CCCCCCC(=O)Nc1ccccc1)NO,-7.181
Z104474964,CCCCCCCCCCCCCCCCCC(=O)O,-5.84
Z2210694608,Oc1ccc(C2CNCCc3c2cc(O)c(O)c3Cl)cc1,-12.565
Z1514087129,CC(=O)Oc1ccccc1C(=O)Nc1ncc([N+](=O)[O-])s1,-7.48
Z1544404943,COc1cc2c(cc1OC)C1CC(=O)C(CC(C)C)CN1CC2,-8.787
Z2037279473,CC(C)N=c1cc2n(-c3ccc(Cl)cc3)c3ccccc3nc-2cc1Nc1ccc(Cl)cc1,-12.513
Z1541759502,O=C1CC2(CCCC2)CC(=O)N1CCCCN1CCN(c2ncccn2)CC1,-7.378
Z1614451557,Cc1nnc(C(C)C)n1C1C[C@H]2CC[C@@H](C1)N2CC[C@H](NC(=O)C1CCC(F)(F)CC1)c1ccccc1,-8.607
Z1248763315,O=C(OCCOCCO)c1ccccc1Nc1cccc(C(F)(F)F)c1,-8.054
Z1954805523,Cc1ncc(C[n+]2csc(CCO)c2C)c(N)n1,-6.292
Z1889837352,c1cc(CN2CCCNCCNCCCNCC2)ccc1CN1CCCNCCNCCCNCC1,10.0
Z2185279095,COc1ccc(C[C@@H]2c3cc(OC)c(OC)cc3CC[N@+]2(C)CCC(=O)OCCCCCOC(=O)CC[N@@+]2(C)CCc3cc(OC)c(OC)cc3[C@H]2Cc2ccc(OC)c(OC)c2)cc1OC,10.0
Z1541759909,CCc1c2c(nc3ccc(O)cc13)-c1cc3c(c(=O)n1C2)COC(=O)[C@]3(O)CC,-9.742
Z2588038907,CN1C(C(=O)Nc2ccccn2)=C(O)c2sccc2S1(=O)=O,-7.91
Z3207130668,CN1[C@@H]2C[C@@H](OC(=O)[C@H](CO)c3ccccc3)C[C@H]1[C@@H]1O[C@@H]12,-7.697
Z1515385076,CC[C@H]1OC(=O)[C@H](C)[C@@H](O[C@H]2C[C@@](C)(OC)[C@@H](O)[C@H](C)O2)[C@H](C)[C@@H](O[C@@H]2O[C@H](C)C[C@H](N(C)C)[C@H]2O)[C@](C)(OC)C[C@@H](C)C(=O)[C@H](C)[C@@H](O)[C@]1(C)O,10.0
Z2044782386,O=[N+]([O-])O[C@H]1CO[C@H]2[C@@H]1OC[C@H]2O[N+](=O)[O-],-5.58
Z2301684749,CN1CCc2nc(C(=O)N[C@@H]3C[C@@H](C(=O)N(C)C)CC[C@@H]3NC(=O)C(=O)Nc3ccc(Cl)cn3)sc2C1,-9.247
Z2312950560,Cc1ccc(/C(=C\CN2CCCC2)c2ccccn2)cc1,-8.64
Z104476418,OCc1ccccc1,-4.767
Z57183224,O=c1[nH]c2cc(Cl)ccc2o1,-5.776
Z1255415481,C[N+](C)(C)CCOC(N)=O,-3.885
Z2050038784,C[C@H](N)[C@H](O)c1cccc(O)c1,-5.703
Z1198150037,CN1CCC[C@H]1c1cccnc1,-5.623
Z223042524,NS(=O)(=O)Cc1noc2ccccc12,-6.419
Z1255488813,Cc1ccc(-c2ccc(C)cn2)nc1,-7.422
Z1617901127,Cc1cccc([C@H](C)c2c[nH]cn2)c1C,-7.208
Z90121066,CC(C)NCC(O)COc1cccc2ccccc12,-7.395
Z1546616194,C[C@H](Cn1cnc2c(N)ncnc21)OCP(=O)(O)O,-6.558
Z1515385077,CC(C)(C#N)c1cc(Cn2cncn2)cc(C(C)(C)C#N)c1,-7.424
Z608353988,CCCNCC(O)COc1ccccc1C(=O)CCc1ccccc1,-7.964
Z1537384907,Cc1ccnc(NC(=O)C(C)c2cccc(C(=O)c3ccccc3)c2)c1,-10.078
Z56768517,O=S1(=O)OC(c2ccc(O)cc2)(c2ccc(O)cc2)c2ccccc21,-8.28
Z56785257,COc1ccc2c(c1)C(=O)N(CCc1ccc(S(=O)(=O)NC(=O)NC3CCCCC3)cc1)C(=O)C2(C)C,-8.304
Z2242164637,CCN1CCN(C(=O)N[C@@H](C(=O)N[C@@H]2C(=O)N3C(C(=O)O)=C(CSc4nnnn4C)CS[C@H]23)c2ccc(O)cc2)C(=O)C1=O,10.0
Z608353996,CN[C@@H]1[C@H](O)[C@H](NC)[C@H]2O[C@@]3(O)C(=O)C[C@@H](C)O[C@H]3O[C@@H]2[C@H]1O,-8.341
Z195110238,COc1ccc(-n2nc(C(N)=O)c3c2C(=O)N(c2ccc(N4CCCCC4=O)cc2)CC3)cc1,-7.228
Z2183947556,N[C@@H](CCC(=O)N[C@@H](CS)C(=O)NCC(=O)O)C(=O)O,-5.623
Z1511483977,C[C@H]1[C@H](NC(=O)C(=NOC(C)(C)C(=O)O)c2csc(N)n2)C(=O)N1S(=O)(=O)O,-7.16
Z2756516761,CN(C)CCCN1c2ccccc2CCc2ccc(Cl)cc21,-12.376
Z2791720087,C[C@H]1c2cccc(O)c2C(=O)C2=C(O)[C@]3(O)C(=O)C(C(N)=O)=C(O)[C@@H](N(C)C)[C@@H]3[C@@H](O)[C@@H]21,-9.008
Z2235811339,Cc1c(C)c2c(c(C)c1O)CC[C@@](C)(CCC[C@H](C)CCC[C@H](C)CCCC(C)C)O2,-8.233
Z1544404032,Cc1onc(-c2ccccc2Cl)c1C(=O)N[C@@H]1C(=O)N2[C@@H]1SC(C)(C)[C@@H]2C(=O)O,-8.504
Z1501485368,O=C1CCc2cc(OCCCCc3nnnn3C3CCCCC3)ccc2N1,-9.011
Z104474028,COc1ccccc1O,-4.828
Z756440050,CSCC[C@H](N)C(=O)O,-3.862
Z103710848,C#CCN(C)Cc1ccccc1,-5.564
Z1255435426,CC[C@@H](C(N)=O)N1CCCC1=O,-5.168
Z57727844,CC(C)(Oc1ccc(Cl)cc1)C(=O)O,-6.376
Z1201620684,Cn1nnc2c(C(N)=O)ncn2c1=O,-5.685
Z1255415511,COc1ccccc1OCC(O)CO,-5.515
Z56828371,Cc1cccc(C)c1NC1=NCCCS1,-6.565
Z1741981540,CC(C)(CO)[C@@H](O)C(=O)NCCC(=O)O,-5.237
Z1416254508,CC(C)NCC(O)c1ccc(O)c(O)c1,-6.376
Z955123630,CC(C)NCC(O)c1cc(O)cc(O)c1,-6.448
Z1541632803,N=C(N)NC(=O)c1nc(Cl)c(N)nc1N,-5.992
Z1546610483,CC(c1cc2ccccc2s1)N(O)C(N)=O,-7.239
Z104472374,Nc1ccc(S(=O)(=O)c2ccc(N)cc2)cc1,-7.155
Z1521554005,NC(=O)OCC(COC(N)=O)c1ccccc1,-6.242
Z138288808,CC1CCN(CCCC(=O)c2ccc(F)cc2)CC1,-7.776
Z1266873958,O=C1NCC2(CCN(CCc3ccccc3)CC2)O1,-8.05
Z2037281108,CCC(=O)NCC[C@@H]1CCc2ccc3c(c21)CCO3,-7.777
Z1557494602,COc1ccc(C(CN(C)C)C2(O)CCCCC2)cc1,-6.822
Z1172207721,O=C1CCCC(=O)C1C(=O)c1ccc(C(F)(F)F)cc1[N+](=O)[O-],-8.081
Z1741977993,N=C(N)c1ccc(OCCCCCOc2ccc(C(=N)N)cc2)cc1,-8.051
Z1718280150,Cn1c(=O)cc(N2CCC[C@@H](N)C2)n(Cc2ccccc2C#N)c1=O,-8.341
Z1511495258,CC1(C)O[C@@H]2[C@@H](CO[C@@]3(COS(N)(=O)=O)OC(C)(C)O[C@@H]23)O1,-7.299
Z1521553846,O=C1CCc2ccc(OCCCCN3CCN(c4cccc(Cl)c4Cl)CC3)cc2N1,-8.338
Z1521553721,C#C[C@]1(O)CC[C@H]2[C@@H]3CCc4cc(O)ccc4[C@H]3CC[C@@]21C,-8.831
Z2583205878,CCCCCCCN(CC)CCCC(O)c1ccc(NS(C)(=O)=O)cc1,-6.638
Z2146566713,CC(C)(C)c1cc(C(C)(C)C)c(NC(=O)c2c[nH]c3ccccc3c2=O)cc1O,-9.712
Z2680630178,OCCOCCN1CCN(C(c2ccccc2)c2ccc(Cl)cc2)CC1,-7.379
Z2953646389,Nc1nc2[nH]cc(CCc3ccc(C(=O)N[C@H](CCC(=O)O)C(=O)O)cc3)c2c(=O)[nH]1,-9.31
Z1954806063,CN(C)c1ccc2nc3ccc(N(C)C)cc3[s+]c2c1,-8.109
Z1521553843,C[C@]12CC[C@@H]3c4ccc(O)cc4CC[C@H]3[C@@H]1CC[C@@H]2O,-9.388
Z1741978506,C[C@@H](CN1CC(=O)NC(=O)C1)N1CC(=O)NC(=O)C1,-7.256
Z2185283535,CC(=O)O[C@]1(C(C)=O)CC[C@H]2[C@@H]3CCC4=CC(=O)CCC4=C3[C@@H](c3ccc(N(C)C)cc3)C[C@@]21C,-7.105
Z2756516943,CCCCOc1ccc(OCCCN2CCOCC2)cc1,-6.47
Z68590124,NC(=O)c1ccccc1O,-5.258
Z104500108,COc1cc(C=CC(=O)CC(=O)C=Cc2ccc(O)c(OC)c2)ccc1O,-8.256
Z754931262,O=C(c1ccc(OCCN2CCCCC2)cc1)c1c(-c2ccc(O)cc2)sc2cc(O)ccc12,-9.279
Z2588039022,C[C@H](CCC(=O)O)[C@H]1CC[C@H]2[C@@H]3[C@@H](O)C[C@@H]4C[C@H](O)CC[C@]4(C)[C@H]3CC[C@]12C,-9.248
Z2587996953,CC[C@H]1OC(=O)[C@H](C)[C@@H](O[C@H]2C[C@@](C)(OC)[C@@H](O)[C@H](C)O2)[C@H](C)[C@@H](O[C@@H]2O[C@H](C)C[C@H](N(C)C)[C@H]2O)[C@](C)(O)C[C@@H](C)C(=O)[C@H](C)[C@@H](O)[C@]1(C)O,10.0
Z2756516872,CCN[C@H]1C[C@H](C)S(=O)(=O)c2sc(S(N)(=O)=O)cc21,-6.346
Z1546616207,CC(C)(C)NC(=O)[C@@H]1CN(Cc2cccnc2)CCN1C[C@@H](O)C[C@@H](Cc1ccccc1)C(=O)N[C@H]1c2ccccc2C[C@H]1O,10.0
Z2587996506,N[C@@H]1[C@H]2CN(c3nc4c(cc3F)c(=O)c(C(=O)O)cn4-c3ccc(F)cc3F)C[C@@H]12,-10.202
Z2235811595,N[C@@H]1CCCCN(c2c(F)cc3c(=O)c(C(=O)O)cn(C4CC4)c3c2Cl)C1,-13.085
Z2235802256,CC[C@@H]([C@H](C)O)n1ncn(-c2ccc(N3CCN(c4ccc(OC[C@@H]5CO[C@@](Cn6cncn6)(c6ccc(F)cc6F)C5)cc4)CC3)cc2)c1=O,10.0
Z2235802230,O=C(O)CCCN1CCC(O[C@@H](c2ccc(Cl)cc2)c2ccccn2)CC1,-7.716
Z3247611631,COC(=O)N[C@H](C(=O)N1CCC[C@H]1c1ncc(-c2ccc(-c3ccc(-c4cnc([C@@H]5CCCN5C(=O)[C@@H](NC(=O)OC)C(C)C)[nH]4)cc3)cc2)[nH]1)C(C)C,10.0
Z3313642143,CCOC(=O)[C@@H](C)C[C@H](Cc1ccc(-c2ccccc2)cc1)NC(=O)CCC(=O)O,-8.616
Z57127446,Nc1ccc(C(=O)O)cc1,-5.312
Z600425176,CC(=O)OCC[N+](C)(C)C,-3.954
Z56347226,C=CCc1ccc(O)c(OC)c1,-5.808
Z1255415487,c1ccc(CC2=NCCN2)cc1,-6.142
Z2289798095,O=C(O)CC(O)(CC(=O)O)C(=O)O,-4.988
Z104484866,Nc1ccc(C(=O)NCC(=O)O)cc1,-6.306
Z1269171738,CN(C)C(=O)Oc1ccc[n+](C)c1,-5.116
Z57931197,CN(C)c1nc(N(C)C)nc(N(C)C)n1,-5.406
Z57152562,O=C1OCCN1N=Cc1ccc([N+](=O)[O-])o1,-6.456
Z104477706,CCN(CC)CCNC(=O)c1ccc(N)cc1,-6.357
Z608061562,Brc1c(NC2=NCCN2)ccc2nccnc12,-6.945
Z1521553984,COc1ccccc1OCC(O)COC(N)=O,-6.118
Z228668542,Cc1oncc1C(=O)Nc1ccc(C(F)(F)F)cc1,-8.133
Z2106607416,CNCCCN1c2ccccc2CCc2ccccc21,-12.72
Z1546610479,CCOC(=O)c1ncn2c1CN(C)C(=O)c1cc(F)ccc1-2,-8.742
Z1137167677,CN1C(=C(O)Nc2ccccn2)C(=O)c2ccccc2S1(=O)=O,-9.637
Z1501485351,CC1Cc2ccccc2N1NC(=O)c1ccc(Cl)c(S(N)(=O)=O)c1,-9.52
Z60744762,O=C(Cc1ccc(-c2ccccc2)cc1)Nc1ccccn1,-8.91
Z2235801948,COc1cc(Nc2ncc(F)c(Nc3ccc4c(n3)N(COP(=O)(O)O)C(=O)C(C)(C)O4)n2)cc(OC)c1OC,10.0
Z56791187,CC(=O)Oc1ccc(C2(c3ccc(OC(C)=O)cc3)C(=O)Nc3ccccc32)cc1,-6.704
Z1589255958,OC[C@H]1O[C@@](CO)(O[C@H]2O[C@H](CO)[C@@H](O)[C@H](O)[C@H]2O)[C@@H](O)[C@@H]1O,-6.443
Z277540138,COc1ccc(Cl)cc1C(=O)NCCc1ccc(S(=O)(=O)NC(=O)NC2CCCCC2)cc1,-8.81
Z2216894329,CC(=O)c1c(C)c2cnc(Nc3ccc(N4CCNCC4)cn3)nc2n(C2CCCC2)c1=O,-11.228
Z90121065,Nc1ccc(C(=O)O)c(O)c1,-5.657
Z2242151306,CCCCCCCCCCCCCCCC(=O)NCCO,-5.713
Z2242164525,CC1(C)NC(=O)N(c2ccc([N+](=O)[O-])c(C(F)(F)F)c2)C1=O,-9.054
Z1255427181,O=C1O[C@H](CO)[C@@H](O)[C@H](O)[C@H]1O,-5.058
Z2417819627,CC(=O)OCC(=O)[C@@]1(O)[C@H](C)C[C@H]2[C@@H]3CCC4=CC(=O)C=C[C@]4(C)[C@@]3(F)[C@@H](O)C[C@@]21C,-8.255
Z2242067488,N[C@@H]1C[C@H]1c1ccccc1,-5.66
Z2271075295,O=C(CCCN1CCC(n2c(=O)[nH]c3ccccc32)CC1)c1ccc(F)cc1,-9.413
Z3243811539,CC(C)Nc1cccnc1N1CCN(C(=O)c2cc3cc(NS(C)(=O)=O)ccc3[nH]2)CC1,-7.728
Z2587996962,CC(C)N1CCN(c2ccc(OC[C@H]3CO[C@](Cn4cncn4)(c4ccc(Cl)cc4Cl)O3)cc2)CC1,-9.603
Z2315575190,CC(C)=CCC/C(C)=C/CO,-5.511
Z2417817741,Cn1sc(Cl)cc1=O,-4.173
Z57127439,NCCCCCC(=O)O,-4.291
Z362014242,C1N2CN3CN1CN(C2)C3,-3.797
Z1143441555,CC(=O)N[C@@H](CS)C(=O)O,-4.057
Z1255431202,O=C(O)[C@@H](S)[C@@H](S)C(=O)O,-3.838
Z87001124,Cc1ncc([N+](=O)[O-])n1CCO,-4.718
Z234895119,O=C(O)CCCc1ccccc1,-5.691
Z104507896,Cn1c(=O)c2c(ncn2C)n(C)c1=O,-5.687
Z276508890,CS(=O)(=O)OCCCCOS(C)(=O)=O,-4.611
Z104478412,Oc1ccc(OCc2ccccc2)cc1,-7.104
Z756440056,N[C@@H](Cc1c[nH]c2ccccc12)C(=O)O,-6.734
Z104476858,O=C(O)Cc1ccc(-c2ccccc2)cc1,-7.63
Z1954802504,CCCCCCCCCCCCCC(=O)O,-5.413
Z53835984,CCOC(=O)C(C)(C)Oc1ccc(Cl)cc1,-6.543
Z754931256,CC(COc1ccccc1)N(CCCl)Cc1ccccc1,-7.87
Z56761710,C[n+]1ccc(C(=O)NCc2ccccc2)cc1,-7.269
Z1521553991,CC(C)NCC(O)COc1ccc(CC(N)=O)cc1,-6.482
Z2429420872,O=C(c1ccccc1)c1ccc2n1CCC2C(=O)O,-8.256
Z2588038976,O=C(O)CN(CCN(CC(=O)O)CC(=O)O)CC(=O)O,-5.842
Z1521553705,N=C(CCSCc1csc(N=C(N)N)n1)NS(N)(=O)=O,-6.357
Z667611948,COc1cc(C(=O)NCc2ccc(OCCN(C)C)cc2)cc(OC)c1OC,-7.207
Z2033589790,CC(C)CCC[C@@H](C)[C@H]1CC[C@H]2[C@@H]3CC=C4C[C@@H](O)CC[C@]4(C)[C@H]3CC[C@]12C,-10.795
Z1537048897,CC(C)Cc1ccc(C(C)C(=O)NCCO)cc1,-6.959
Z89277543,CNC(=O)c1cc(Oc2ccc(NC(=O)Nc3ccc(Cl)c(C(F)(F)F)c3)cc2)ccn1,-9.067
Z1550648753,Nc1ccn([C@H]2CC[C@@H](CO)O2)c(=O)n1,-6.845
Z1544404500,CN[C@H]1CC[C@@H](c2ccc(Cl)c(Cl)c2)c2ccccc21,-10.284
Z1532717445,Cc1nnc(C(=O)NC(C)(C)c2nc(C(=O)NCc3ccc(F)cc3)c(O)c(=O)n2C)o1,-8.827
Z2242062189,O=C(O)COCCN1CCN(C(c2ccccc2)c2ccc(Cl)cc2)CC1,-7.87
Z1546616193,O=c1[nH]cnc2c1ncn2[C@H]1CC[C@@H](CO)O1,-6.927
Z1255434759,CC1(C)[C@@H]2CC[C@@]1(C)C(=O)C2,-5.426
Z2216887959,Cc1cc2nc3c(=O)[nH]c(=O)nc-3n(C[C@H](O)[C@H](O)[C@H](O)CO)c2cc1C,-9.195
Z1590790198,C[C@H]1COc2c(N3CCN(C)CC3)c(F)cc3c(=O)c(C(=O)O)cn1c23,-9.84
Z2588039015,CC(C)(Oc1ccc(CCNC(=O)c2ccc(Cl)cc2)cc1)C(=O)O,-7.664
Z2681892608,O=S1(=O)CCN(CN2CCS(=O)(=O)NC2)CN1,-6.625
Z2235802251,Cn1c(CCCC(=O)O)nc2cc(N(CCCl)CCCl)ccc21,-6.976
Z756390288,C[C@]12C=CC(=O)C=C1CC[C@@H]1[C@@H]2C(=O)C[C@@]2(C)[C@H]1CC[C@]2(O)C(=O)CO,-8.218
Z1515376765,NCCCC[C@H](N[C@@H](CCc1ccccc1)C(=O)O)C(=O)N1CCC[C@H]1C(=O)O,-8.18
Z2568664267,C=CC1=C(C(=O)O)N2C(=O)[C@@H](NC(=O)/C(=N\OCC(=O)O)c3csc(N)n3)[C@H]2SC1,-7.833
Z3219503092,CC(=O)N1CCN(c2ccc(OC[C@@H]3CO[C@@](Cn4ccnc4)(c4ccc(Cl)cc4Cl)O3)cc2)CC1,-9.603
Z104473900,NC(N)=O,-2.578
Z248489432,NCCS(=O)(=O)O,-3.282
Z275128052,O=c1[nH]cc(F)c(=O)[nH]1,-4.93
Z57127464,Cc1ccc(C(C)C)c(O)c1,-6.076
Z336079954,NCC1(CC(=O)O)CCCCC1,-5.389
Z2685925293,CNC1(C)C2CCC(C2)C1(C)C,-5.44
Z104483432,Oc1c(I)cc(Cl)c2cccnc12,-6.851
Z756440064,N[C@@H](Cc1ccc(O)c(O)c1)C(=O)O,-6.015
Z1198150288,Nc1cc(-c2ccncc2)c[nH]c1=O,-6.644
Z1197943321,CCCCCCc1ccc(O)cc1O,-6.314
Z1269145231,N[C@@H](CSSC[C@H](N)C(=O)O)C(=O)O,-4.899
Z1486001934,CC[C@@H](CO)NCCN[C@@H](CC)CO,-5.169
Z56791867,CCN(CC)c1cc(C)nc2ncnn12,-6.406
Z1556051334,CC(C)(C)NCC(O)c1cc(O)cc(O)c1,-7.072
Z1235945951,CCOc1ccccc1OCC1CNCCO1,-6.674
Z274728816,CC(=O)Nc1ccc(OCC(O)CNC(C)C)cc1,-6.628
Z227834786,CNCCC=C1c2ccccc2CCc2ccccc21,-13.339
Z995240796,CN1CCC(=C2c3ccccc3CCc3sccc32)CC1,-14.855
Z1546610475,Clc1ccc2c(c1)C(N1CCNCC1)=Nc1ccccc1O2,-9.345
Z1551900864,CCN(CCO)CCCC(C)Nc1ccnc2cc(Cl)ccc12,-7.875
Z2196311163,Cc1ccsc1C(=CCCN1CCC[C@@H](C(=O)O)C1)c1sccc1C,-7.543
Z32409934,O=C(NCCN1CCOCC1)c1ccc(Cl)cc1,-6.985
Z3245419176,CN1CCN(C(c2ccccc2)c2ccccc2)CC1,-8.608
Z2937147473,C[C@@H](O[C@H]1OCCN(Cc2nc(=O)[nH][nH]2)[C@H]1c1ccc(F)cc1)c1cc(C(F)(F)F)cc(C(F)(F)F)c1,-10.136
Z2037280227,O=C(Nc1nc2cccc(-c3ccc(CN4CCS(=O)(=O)CC4)cc3)n2n1)C1CC1,-9.093
Z68563450,COc1ccccc1OCC(O)CN1CCN(CC(=O)Nc2c(C)cccc2C)CC1,-8.064
Z1551900491,CC(C)CN(C[C@@H](O)[C@H](Cc1ccccc1)NC(=O)O[C@H]1CCOC1)S(=O)(=O)c1ccc(N)cc1,-7.828
Z1515385088,CCC[C@@H]1C[C@@H](C(=O)N[C@@H]([C@H]2O[C@H](SC)[C@H](O)[C@@H](O)[C@H]2O)[C@@H](C)O)N(C)C1,-7.022
Z754918912,CC(C)(C(=O)O)c1ccc(C(O)CCCN2CCC(C(O)(c3ccccc3)c3ccccc3)CC2)cc1,-9.867
Z2216898922,COC1=C(OC)C(=O)C(CCCCCCCCCCO)=C(C)C1=O,-6.601
Z2315574782,CCN(CC)C(=O)/C(C#N)=C/c1cc(O)c(O)c([N+](=O)[O-])c1,-6.536
Z2681891492,O=C1c2c(O)cccc2Cc2cccc(O)c21,-8.693
Z2681892428,CCc1oc2ccccc2c1C(=O)c1cc(I)c(O)c(I)c1,-7.721
Z1501485370,CCOc1cc(CC(=O)N[C@@H](CC(C)C)c2ccccc2N2CCCCC2)ccc1C(=O)O,-7.78
Z3041519356,CC1(C)S[C@@H]2[C@H](NC(=O)[C@H](C(=O)O)c3ccsc3)C(=O)N2[C@H]1C(=O)O,-7.541
Z2756516923,CO[C@@H]1[C@@H](OC(N)=O)[C@@H](O)[C@H](Oc2ccc3c(O)c(NC(=O)c4ccc(O)c(CC=C(C)C)c4)c(=O)oc3c2C)OC1(C)C,10.0
Z2312380776,CN1C[C@@H]2c3ccccc3Oc3ccc(Cl)cc3[C@H]2C1,-9.573
Z2238899645,C[C@H]1O[C@H](O[C@H]2[C@H](O)[C@@H](O)[C@@H](O[C@H]3[C@H](O)[C@@H](O)[C@H](O)O[C@@H]3CO)O[C@@H]2CO)[C@H](O)[C@@H](O)[C@@H]1N[C@H]1C=C(CO)[C@@H](O)[C@H](O)[C@H]1O,10.0
Z1837762189,CCOc1cc([C@@H](CS(C)(=O)=O)N2C(=O)c3cccc(NC(C)=O)c3C2=O)ccc1OC,-7.089
Z2568665233,COc1c(C)c2c(c(O)c1C/C=C(\C)CCC(=O)OCCN1CCOCC1)C(=O)OC2,-7.57
Z33546463,NC(=O)c1cccnc1,-4.636
Z1741972992,NCC(=O)CCC(=O)O,-4.315
Z2681891170,CC(S)C(=O)NCC(=O)O,-4.199
Z1741970429,NC[C@H]1CC[C@H](C(=O)O)CC1,-5.574
Z1255381648,NC(=O)c1nc(F)cnc1O,-4.999
Z1269228108,O=C(O)CCCC[C@@H]1CCSS1,-4.824
Z57127532,O=C(O)CCCCCCCC(=O)O,-4.916
Z203045076,N=C(Nc1ccccc1)Nc1ccccc1,-7.473
Z372953774,c1coc(CNc2ncnc3nc[nH]c23)c1,-6.546
Z754918916,COc1c2occc2cc2ccc(=O)oc12,-7.13
Z56821717,c1ccc2sc(SN3CCOCC3)nc2c1,-6.768
Z2044793215,Cc1cc(C(=O)NNCc2ccccc2)no1,-7.196
Z2050011174,CC[N+](C)(C)Cc1ccccc1Br,-5.526
Z104472626,Nc1ccc(S(=O)(=O)Nc2ncccn2)cc1,-7.316
Z594284186,CCCSc1ccc2nc(NC(=O)OC)[nH]c2c1,-6.97
Z55682028,CC(C)(C)NCC(O)COc1cc(Cl)ccc1Cl,-6.89
Z57473348,O=C(O)Cn1c2ccccc2c(=O)c2ccccc21,-8.182
Z212055564,O=C(O)CCc1nc(-c2ccccc2)c(-c2ccccc2)o1,-8.591
Z57257314,OC(CCCN1CCCCC1)(c1ccccc1)c1ccccc1,-8.77
Z1544404495,CCn1cc(C(=O)O)c(=O)c2cc(F)c(N3CCNCC3)nc21,-8.329
Z667612124,COc1ccc(C(=O)NCc2ccc(OCCN(C)C)cc2)cc1OC,-7.036
Z1541638525,Cc1ccc(Nc2nccc(N(C)c3ccc4c(C)n(C)nc4c3)n2)cc1S(N)(=O)=O,-9.834
Z1557400300,COc1ccc2c3c1O[C@H]1C[C@@H](O)C=C[C@@]31CCN(C)C2,-13.493
Z600425184,CC(=O)OCC(=O)[C@@]1(O)CC[C@H]2[C@@H]3CCC4=CC(=O)CC[C@]4(C)[C@H]3[C@@H](O)C[C@@]21C,-9.675
Z1258938406,Cc1ccc(-c2cc(C(F)(F)F)nn2-c2ccc(S(N)(=O)=O)cc2)cc1,-10.255
Z19674820,COC(=O)c1ccc(O)cc1,-5.38
Z3014322079,CC[C@]1(O)C[C@@H]2CN(CCc3c([nH]c4ccccc34)[C@@](C(=O)OC)(c3cc4c(cc3OC)N(C)[C@H]3[C@@](O)(C(=O)OC)[C@H](OC(C)=O)[C@]5(CC)C=CCN6CC[C@]43[C@@H]65)C2)C1,10.0
Z1546616201,CC[N+](CC)(CC)CCOc1cccc(OCC[N+](CC)(CC)CC)c1OCC[N+](CC)(CC)CC,10.0
Z1734282227,CC(C)(C)c1ccc(CN2CCN(C(c3ccccc3)c3ccc(Cl)cc3)CC2)cc1,-9.397
Z2588038982,O=C(O)CCNC(=O)c1ccc(/N=N/c2ccc(O)c(C(=O)O)c2)cc1,-7.904
Z2373117814,O=c1ccc2ccc(OCCCCN3CCN(c4cccc5sccc45)CC3)cc2[nH]1,-8.613
Z2235811583,CCCCCCOC(=O)N=C(N)c1ccc(NCc2nc3cc(C(=O)N(CCC(=O)OCC)c4ccccn4)ccc3n2C)cc1,10.0
Z2681892334,CC(C)(CO)[C@@H](O)C(=O)NCCC(=O)NCCSSCCNC(=O)CCNC(=O)[C@H](O)C(C)(C)CO,10.0
Z3905817531,CC(C)C[C@@H](NC(=O)[C@@H](Cc1ccccc1)NC(=O)[C@H](N)Cc1ccccc1)C(=O)N[C@H](CCCCN)C(=O)N1CCC(N)(C(=O)O)CC1,10.0
Z2568712703,CCCCN(CCCC)CC(O)c1cc(Cl)cc2c1-c1ccc(Cl)cc1/C2=C/c1ccc(Cl)cc1,-9.542
Z2568723556,CCOc1cc2ncc(C#N)c(Nc3ccc(OCc4ccccn4)c(Cl)c3)c2cc1NC(=O)/C=C/CN(C)C,-8.383
Z3400110582,Cc1cc(/C=C/c2ccc3cc(N(C)C)ccc3[n+]2C)c(C)n1-c1ccccc1,-10.488
Z1201617823,COC(F)(F)C(Cl)Cl,-3.794
Z1255461260,CCCCCON=O,-3.514
Z104498572,Nc1ncnc2[nH]cnc12,-5.022
Z57036282,COC(=O)c1cccnc1,-4.526
Z1269141329,O=NN(CCCl)C(=O)NCCCl,-4.37
Z90122510,CC(=O)Nc1ccc(CC(=O)O)cc1,-6.267
Z276509078,O=P1(N(CCCl)CCCl)NCCCO1,-5.277
Z2660640472,O=P(O)(O)C(O)(Cn1ccnc1)P(=O)(O)O,-5.007
Z2037279821,NS(=O)(=O)c1cc(Cl)c(Cl)c(S(N)(=O)=O)c1,-6.684
Z56821893,CC(C)Nc1ccc(Nc2ccccc2)cc1,-7.759
Z1318255133,Cc1ccc(N(CC2=NCCN2)c2cccc(O)c2)cc1,-8.099
Z1182332248,Cc1cccc(CN2CCN(C(c3ccccc3)c3ccc(Cl)cc3)CC2)c1,-10.036
Z54757159,CN(Cc1ccc(C(C)(C)C)cc1)Cc1cccc2ccccc12,-10.177
Z1552192759,CCN(CC)Cc1cc(Nc2ccnc3cc(Cl)ccc23)ccc1O,-9.091
Z241910386,O=c1[nH]c2ccccc2n1C1CCN(CCCC(c2ccc(F)cc2)c2ccc(F)cc2)CC1,-11.036
Z324590202,CC(C)(C)CC(C)(C)c1ccc(OCCOCC[N+](C)(C)Cc2ccccc2)cc1,-7.5
Z1879263740,Nc1ccn([C@@H]2O[C@H](CO)[C@@H](O)[C@H]2O)c(=O)n1,-6.498
Z1741976994,Cc1cn(-c2cc(NC(=O)c3ccc(C)c(Nc4nccc(-c5cccnc5)n4)c3)cc(C(F)(F)F)c2)cn1,-9.042
Z1741980843,Cc1cccc(C)c1NC(=O)C1CCCCN1C,-7.427
Z1554104509,CCCCc1oc2ccccc2c1C(=O)c1cc(I)c(OCCN(CC)CC)c(I)c1,-7.706
Z2511727314,Cc1cc(NC(=O)C2=C(O)c3ccccc3S(=O)(=O)N2C)no1,-9.343
Z2587996507,CC(C(=O)O)c1ccc(C(=O)c2cccs2)cc1,-7.364
Z2417819564,O=C(O)c1c(Cl)c(Cl)c(Cl)c(Cl)c1-c1c2cc(I)c(=O)c(I)c-2oc2c(I)c(O)c(I)cc12,2.662
Z1304065033,COc1cc([C@@H]2c3cc4c(cc3[C@@H](O[C@@H]3O[C@@H]5CO[C@@H](C)O[C@H]5[C@H](O)[C@H]3O)[C@H]3COC(=O)[C@H]23)OCO4)cc(OC)c1O,-9.473
Z2235801846,CCOC(=O)[C@H](CCc1ccccc1)N[C@H]1CCc2ccccc2N(CC(=O)O)C1=O,-11.628
Z3014475009,CC1CNc2c(cccc2S(=O)(=O)N[C@@H](CCCNC(=N)N)C(=O)N2CC[C@@H](C)C[C@@H]2C(=O)O)C1,-8.888
Z2588063492,Cc1c(-c2ccc(O)cc2)n(Cc2ccc(OCCN3CCCCCC3)cc2)c2ccc(O)cc12,-11.608
Z2588038957,CCCc1nc(C)c2c(=O)nc(-c3cc(S(=O)(=O)N4CCN(CC)CC4)ccc3OCC)[nH]n12,-8.343
Z2636644167,CC(C)OC(=O)[C@H](C)N[P@](=O)(CO[C@H](C)Cn1cnc2c(N)ncnc21)Oc1ccccc1,-8.183
Z1245537944,C1CNCCN1,-3.266
Z104473820,Cc1cccc(O)c1,-5.072
Z1522567174,NC12CC3CC(CC(C3)C1)C2,-5.46
Z1269201561,CC(O)(P(=O)(O)O)P(=O)(O)O,-4.397
Z756438860,CC(=O)N[C@@H](CC(C)C)C(=O)O,-4.874
Z1255464975,Oc1ccnc2cc(Cl)ccc12,-6.416
Z85888809,CC(C)(C)C(=O)NCCCC(=O)O,-5.361
Z1255430959,CC1=CC(=O)c2ccccc2C1=O,-7.008
Z728800602,CC(=O)N=c1sc(S(N)(=O)=O)nn1C,-5.792
Z1269224929,CC(C)(CO)[C@@H](O)C(=O)NCCCO,-4.997
Z104493598,Cn1c(=O)c2c(ncn2CCO)n(C)c1=O,-6.121
Z1741982569,CN1CCN(C2=Nc3cc(Cl)ccc3Nc3ccccc32)CC1,-9.298
Z2037280409,COC(=O)Nc1nc2cc(C(=O)c3ccc(F)cc3)ccc2[nH]1,-8.96
Z2216887910,O=C(c1ccc(F)cc1)C1CCN(CCn2c(=O)[nH]c3ccccc3c2=O)CC1,-10.253
Z1545310764,CCN(CC)CCNC(=O)c1cc(S(C)(=O)=O)ccc1OC,-6.572
Z1546624232,Cc1ccc(NC(=O)c2ccc(CN3CCN(C)CC3)cc2)cc1Nc1nccc(-c2cccnc2)n1,-11.7
Z2074910255,CN1CCCC(n2nc(Cc3ccc(Cl)cc3)c3ccccc3c2=O)CC1,-13.472
Z252849348,CCN(CC)CCOC(=O)C1(c2ccccc2)CCCC1,-7.376
Z2108699066,C[C@H]1O[C@@H](O[C@H]2[C@@H](O)C[C@H](O[C@H]3[C@@H](O)C[C@H](O[C@H]4CC[C@@]5(C)[C@H](CC[C@@H]6[C@@H]5C[C@@H](O)[C@]5(C)[C@@H](C7=CC(=O)OC7)CC[C@]65O)C4)O[C@@H]3C)O[C@@H]2C)C[C@H](O)[C@@H]1O,10.0
Z1501475008,CC(C)(C)NC(=O)[C@H]1CC[C@H]2[C@@H]3CC[C@H]4NC(=O)C=C[C@]4(C)[C@H]3CC[C@]12C,-9.914
Z2311574250,CNCCCC12CCC(c3ccccc31)c1ccccc12,-9.192
Z1954801710,O=C(O)c1ccccc1O,-5.323
Z2574931930,CN(C)CCOC(C)(c1ccccc1)c1ccc(Br)cc1,-7.456
Z1203159860,O=c1cccc2n1C[C@@H]1CNC[C@H]2C1,-6.711
Z1501485367,CC(=O)[C@@]1(O)CC[C@H]2[C@@H]3C[C@H](C)C4=CC(=O)CC[C@]4(C)[C@H]3CC[C@@]21C,-10.091
Z3041521791,Cn1nnnc1SCC1=C(C(=O)O)N2C(=O)[C@@H](NC(=O)[C@H](OC=O)c3ccccc3)[C@H]2SC1,-8.13
Z2724205326,CCS(=O)(=O)N1CC(CC#N)(n2cc(-c3ncnc4[nH]ccc34)cn2)C1,-7.363
Z2379810072,CCCCCCCCCCC[C@@H](C[C@@H]1OC(=O)[C@H]1CCCCCC)OC(=O)[C@H](CC(C)C)NC=O,10.0
Z2568748600,Cc1ccc(-n2[nH]c(C)c(N/N=C3/C=CC=C(c4cccc(C(=O)O)c4)C3=O)c2=O)cc1C,-10.423
Z1089877620,O=C1CCO1,-2.637
Z104475620,NCCCC(=O)O,-3.729
Z2289798098,C[N+](C)(C)CC(=O)[O-],-3.271
Z57127480,O=C(O)c1ccccc1,-5.185
Z995084132,N[C@@H](CC(=O)O)C(=O)O,-4.391
Z1201624655,O=c1cc(O)c(Cl)c[nH]1,-4.634
Z382721012,Cc1ncc(CO)c(CO)c1O,-5.402
Z1741977143,CNCC(O)c1ccc(O)cc1,-5.834
Z275534804,NC(N)=NS(=O)(=O)c1ccc(N)cc1,-6.416
Z90123586,CNC(=O)Oc1cccc2ccccc12,-7.228
Z1558572526,CC(C)N=C(N)N=C(N)Nc1ccc(Cl)cc1,-7.15
Z301111588,OC[C@@H](O)CN1CCN(c2ccccc2)CC1,-6.871
Z1530425063,CC(C(=O)O)c1ccc2c(c1)[nH]c1ccc(Cl)cc12,-8.686
Z1878131003,CC(O)=C(C#N)C(=O)Nc1ccc(C(F)(F)F)cc1,-7.316
Z1269642575,Nc1cccc2c1C(=O)N(C1CCC(=O)NC1=O)C2=O,-8.921
Z1575271347,NS(=O)(=O)c1cc2c(cc1C(F)(F)F)NCNS2(=O)=O,-7.39
Z1515385084,CC(=O)NC[C@H]1CN(c2ccc(N3CCOCC3)c(F)c2)C(=O)O1,-7.939
Z51093246,Cn1c(=O)c2c(ncn2CCOC(=O)C(C)(C)Oc2ccc(Cl)cc2)n(C)c1=O,-8.432
Z277942268,COC(=O)C1=C(C)NC(C)=C(C(=O)OCC(C)C)C1c1ccccc1[N+](=O)[O-],-6.82
Z56754489,c1ccc2sc(SSc3nc4ccccc4s3)nc2c1,-8.393
Z1541759894,CC(=O)O[C@H]1C[C@@H]2CC[C@@H]3[C@H](CC[C@@]4(C)[C@H]3C[C@H]([N+]3(C)CCCCC3)[C@@H]4OC(C)=O)[C@@]2(C)C[C@@H]1N1CCCCC1,-10.042
Z2065671138,CCn1nc(C(=O)O)c(=O)c2cc3c(cc21)OCO3,-7.484
Z608353986,CCOC(=O)CCC(=O)O[C@H]1[C@H](O[C@@H]2[C@@H](C)[C@H](O[C@H]3C[C@@](C)(OC)[C@@H](O)[C@H](C)O3)[C@@H](C)C(=O)O[C@H](CC)[C@@](C)(O)[C@H](O)[C@@H](C)C(=O)[C@H](C)C[C@@]2(C)O)O[C@H](C)C[C@@H]1N(C)C,10.0
Z1501480421,CCCCCOC(=O)Nc1nc(=O)n([C@@H]2O[C@H](C)[C@@H](O)[C@H]2O)cc1F,-7.504
Z2512943095,COc1cc2c(Nc3ccc(Br)cc3F)ncnc2cc1OCC1CCN(C)CC1,-10.281
Z57206005,O=C(Oc1ccccc1)c1ccccc1O,-7.547
Z2681891229,CN1[C@@H]2CC[C@H]1C[C@@H](OC(=O)c1c[nH]c3ccccc13)C2,-9.014
Z2235811359,CCCN1CCCC[C@H]1C(=O)Nc1c(C)cccc1C,-7.421
Z2235801852,COCCCN1CCC(NC(=O)c2cc(Cl)c(N)c3c2OCC3)CC1,-7.701
Z1980444595,O=C(O[C@H]1C[C@H]2CC[C@@H](C1)[N+]21CCCC1)C(O)(c1ccccc1)c1ccccc1,-9.104
Z3025867248,COc1ccc2c(O[C@@H]3C[C@H]4C(=O)N[C@]5(C(=O)NS(=O)(=O)C6CC6)C[C@H]5C=CCCCCN(C)C(=O)[C@@H]4C3)cc(-c3nc(C(C)C)cs3)nc2c1C,10.0
Z2235802036,N#C[C@@H]1C[C@@H]2C[C@@H]2N1C(=O)[C@@H](N)C12CC3CC(CC(O)(C3)C1)C2,-7.67
Z2568587997,CC/C(=C(/CC)c1ccc(O)cc1)c1ccc(O)cc1,-7.863
Z2568648411,C/C=C/C[C@@H](C)[C@@H](O)[C@H]1C(=O)N[C@@H](CC)C(=O)N(C)CC(=O)N(C)[C@@H](CC(C)C)C(=O)N[C@@H](C(C)C)C(=O)N(C)[C@@H](CC(C)C)C(=O)N[C@@H](C)C(=O)N[C@H](C)C(=O)N(C)[C@@H](CC(C)C)C(=O)N(C)[C@@H](CC(C)C)C(=O)N(C)[C@@H](C(C)C)C(=O)N1C,10.0
Z2654188035,O=C(O)CNC(=O)C1C(=O)N(C2CCCCC2)C(=O)N(C2CCCCC2)C1=O,-9.308
Z594284202,O=S(=O)(O)CCS,-3.065
Z56889474,O=c1cc[nH]c(=O)[nH]1,-4.416
Z1255390571,NCC(O)CC(=O)O,-4.097
Z203045042,Cc1cc(O)nc(S)n1,-4.599
Z1147215595,CSCC[C@@H](N)C(=O)O,-3.793
Z756440074,NC(=O)CC[C@H](N)C(=O)O,-4.542
Z56946051,CC(=O)Nc1ccc(O)cc1,-5.32
Z1550648764,c1ccc([C@H]2CN3CCSC3=N2)cc1,-6.208
Z1269175922,O=C(O)c1cc(O)c(O)c(O)c1,-5.52
Z104473192,CC(=O)OCC(COC(C)=O)OC(C)=O,-4.845
Z44530398,CCCNC(C)C(=O)Nc1ccccc1C,-6.454
Z104477882,Cn1c(=O)c2c(ncn2CC(=O)O)n(C)c1=O,-6.447
Z1259021151,Cc1ccc(C)c(OCCCC(C)(C)C(=O)O)c1,-7.49
Z1497043450,Cc1ccc(Cl)c(OCC(O)CNC(C)(C)C)c1,-6.942
Z28251506,COc1cc(C(=O)N2CCOCC2)cc(OC)c1OC,-6.854
Z2241984977,Cc1cnc(NC(=O)C2C(=O)c3ccccc3S(=O)(=O)N2C)s1,-8.188
Z1501485356,Cc1c(OCC(F)(F)F)ccnc1C[S+]([O-])c1nc2ccccc2[nH]1,-8.248
Z1631505638,CN(C)CCCN1c2ccccc2Sc2ccc(C(F)(F)F)cc21,-8.552
Z2025569265,Nc1nc2c(ncn2CCC(CO)CO)c(=O)[nH]1,-6.632
Z221101674,CC(C)N(CCNC(=O)CN1CCCC1=O)C(C)C,-6.192
Z1541759501,O=C1[C@H](CC[C@H](O)c2ccc(F)cc2)[C@@H](c2ccc(O)cc2)N1c1ccc(F)cc1,-9.008
Z1541759504,O=c1n(CCCN2CCN(c3cccc(Cl)c3)CC2)nc2ccccn12,-8.942
Z3234818655,C[C@H]1COc2c(C3(N)CC3)c(F)cc3c(=O)c(C(=O)O)cn1c23,-9.024
Z57176222,O=c1c(O)c(-c2ccc(O)c(O)c2)oc2cc(O)cc(O)c12,-9.357
Z2588040194,C[C@H]1[C@H](OC(=O)CCC(=O)O)O[C@@H]2O[C@@]3(C)CC[C@H]4[C@H](C)CC[C@@H]1[C@@]24OO3,-9.927
Z2315576239,CN(C)CC/C=C1/c2ccccc2Sc2ccc(Cl)cc21,-9.128
Z2588040198,CCOC(=O)N=C1CN(N2CCOCC2)NO1,-6.448
Z2583141806,CC[C@H]1OC(=O)[C@H](C)[C@@H](O[C@H]2C[C@@](C)(OC)[C@@H](O)[C@H](C)O2)[C@H](C)[C@@H](O[C@@H]2O[C@H](C)C[C@H](N(C)C)[C@H]2O)[C@](C)(O)C[C@@H](C)/C(=N/OCOCCOC)[C@H](C)[C@@H](O)[C@]1(C)O,10.0
Z600419582,Cc1cn[nH]c1,-3.553
Z1198154206,N[C@@H]1CONC1=O,-3.754
Z104474598,COc1ccc(O)cc1,-4.77
Z104477910,Cc1cc(O)ccc1Cl,-5.362
Z104486690,NC(=O)NC1NC(=O)NC1=O,-5.084
Z56926518,Oc1cccc2cccnc12,-6.105
Z57953030,CC=Cc1ccc(O)c(OC)c1,-5.829
Z118438370,N=C(N)N1CCc2ccccc2C1,-6.81
Z995094004,OCC(O)COc1ccc(Cl)cc1,-5.818
Z56869297,Cc1cc(=O)n(-c2ccccc2)n1C,-7.013
Z104475058,Cc1ccc2c(Cl)cc(Cl)c(O)c2n1,-7.249
Z49560608,NC(=O)NN=Cc1ccc([N+](=O)[O-])o1,-5.685
Z1269240018,Cc1ncc([N+](=O)[O-])n1CC(O)CCl,-5.253
Z104473910,CCN(CC)C(=S)SSC(=S)N(CC)CC,-5.103
Z104508594,NC(=O)N1c2ccccc2C=Cc2ccccc21,-12.896
Z275128596,Nc1nc(N)c2nc(-c3ccccc3)c(N)nc2n1,-8.86
Z104477466,CN(C)CCCN1c2ccccc2Sc2ccc(Cl)cc21,-7.97
Z55135799,CCN(CC)CC(=O)Nc1c(C)cccc1C,-6.706
Z1541759893,CCC(CC)O[C@@H]1C=C(C(=O)O)C[C@H](N)[C@H]1NC(C)=O,-6.624
Z1544404028,C#C[C@]1(O)CC[C@H]2[C@@H]3CCC4=CC(=O)CC[C@@H]4[C@H]3CC[C@@]21CC,-10.556
Z275127478,COc1cc2nc(N3CCN(C(=O)c4ccco4)CC3)nc(N)c2cc1OC,-8.682
Z210803762,O=C(O)CCCC[C@@H]1SC[C@@H]2NC(=O)N[C@@H]21,-6.034
Z1521553906,COc1cc(C(C)=O)ccc1OCCCN1CCC(c2noc3cc(F)ccc23)CC1,-8.98
Z2379810069,CCCCC1C(=O)N(c2ccccc2)N(c2ccc(O)cc2)C1=O,-11.082
Z2301287926,CC(C)(C)NCC(O)c1ccc(O)c(CO)c1,-6.838
Z2588040192,N#Cc1c(N(CC(=O)O)CC(=O)O)sc(C(=O)O)c1CC(=O)O,-6.121
Z2587996957,COc1c(N2C[C@@H]3CCCN[C@@H]3C2)c(F)cc2c(=O)c(C(=O)O)cn(C3CC3)c12,-10.053
Z1546616198,CCN(CC)CC#CCOC(=O)C(O)(c1ccccc1)C1CCCCC1,-8.065
Z2587996508,CC1=C(C(=O)O)N2C(=O)[C@@H](NC(=O)[C@H](N)c3ccc(O)cc3)[C@H]2SC1,-8.153
Z2289798859,CO[C@H]1C[C@@H]2CC[C@@H](C)[C@@](O)(O2)C(=O)C(=O)N2CCCC[C@H]2C(=O)O[C@H]([C@H](C)C[C@@H]2CC[C@@H](OCCO)[C@H](OC)C2)CC(=O)[C@H](C)C=C(C)[C@@H](O)[C@@H](OC)C(=O)[C@H](C)C[C@H](C)C=CC=CC=C1C,10.0
Z2574927887,O=C(NC1CCN(CCc2c[nH]c3ccccc23)CC1)c1ccccc1,-10.01
Z1546610488,Cc1cn([C@@H]2C[C@@H](O)[C@H](CO)O2)c(=O)[nH]c1=O,-7.052
Z3241270511,O=C1[C@@H]2[C@H]3CC[C@H](C3)[C@@H]2C(=O)N1C[C@@H]1CCCC[C@H]1CN1CCN(c2nsc3ccccc23)CC1,-10.12
Z2588040125,CCC(=O)NS(=O)(=O)c1ccc(-c2c(-c3ccccc3)noc2C)cc1,-8.607
Z2311825421,O=C(/C=C/c1cccc(S(=O)(=O)Nc2ccccc2)c1)NO,-8.697
Z2568613921,C(=C/c1ccccc1)\CN1CCN(C(c2ccccc2)c2ccccc2)CC1,-9.221
Z104495622,OCc1cccnc1,-4.552
Z982131798,CC(C)(O)CC(=O)O,-3.922
Z56865289,NC(=O)CN1CCCC1=O,-4.556
Z756440052,N[C@@H](CCC(=O)O)C(=O)O,-4.614
Z56851240,Nc1ccc(S(N)(=O)=O)cc1,-5.493
Z3066893590,O=C(O)c1nc(=O)[nH]c(=O)[nH]1,-5.303
Z1255372738,O=C(CO)[C@@H](O)[C@H](O)[C@H](O)CO,-4.65
Z756440046,N[C@@H](Cc1ccc(O)cc1)C(=O)O,-5.954
Z56854345,O=C(O)CCNC(=O)c1ccccc1,-6.098
Z1695759754,Clc1cccc(Cl)c1NC1=NCCN1,-6.199
Z1592709025,N=C(N)NCC1COC2(CCCCC2)O1,-6.474
Z381346304,O=C(O)c1ccccc1NCCc1ccccc1,-7.867
Z56791687,Cc1cc(C)nc(NS(=O)(=O)c2ccc(N)cc2)n1,-7.589
Z99601262,COc1ccc(CN2CCNCC2)c(OC)c1OC,-6.499
Z56786458,O=C1NC(=O)C(c2ccccc2)(c2ccccc2)N1,-8.472
Z2315582665,CN(C)CCOC(c1ccc(Cl)cc1)c1ccccn1,-6.924
Z285140914,COc1cc(C(=O)NC2CCCNC2)cc(OC)c1OC,-7.108
Z1515385071,COc1cc(Cc2cnc(N)nc2N)cc(OC)c1OC,-7.06
Z1575081875,CNCC[C@H](Oc1cccc2ccccc12)c1cccs1,-8.3
Z1501480423,CCCCCNC(=N)NN=Cc1c[nH]c2ccc(OC)cc12,-7.659
Z1521553472,Cc1cc2c(s1)Nc1ccccc1N=C2N1CCN(C)CC1,-9.373
Z1501475006,COc1ccc2[nH]c([S+]([O-])Cc3ncc(C)c(OC)c3C)nc2c1,-8.484
Z1515385087,Cc1cccc(Nc2ccncc2S(=O)(=O)NC(=O)NC(C)C)c1,-7.922
Z1650127771,O=[N+]([O-])c1cn2c(n1)OC[C@@H](OCc1ccc(OC(F)(F)F)cc1)C2,-7.461
Z2037279612,Cc1ccccc1-c1cc(N2CCN(C)CC2)ncc1N(C)C(=O)C(C)(C)c1cc(C(F)(F)F)cc(C(F)(F)F)c1,-9.273
Z2568619526,CN1CCN(CCCN2c3ccccc3Sc3ccc(Cl)cc32)CC1,-8.842
Z1551627167,NC[C@@H]1O[C@H](O[C@H]2[C@@H](O)[C@H](O[C@@H]3[C@@H](O)[C@H](N)C[C@H](N)[C@H]3O[C@H]3O[C@H](CO)[C@@H](O)[C@H](O)[C@H]3N)O[C@@H]2CO)[C@H](N)[C@@H](O)[C@@H]1O,10.0
Z2065671220,Cc1cccc(N(C)C(=S)Oc2ccc3ccccc3c2)c1,-9.519
Z759291658,COc1cc([C@@H]2c3cc4c(cc3[C@H](O)[C@H]3COC(=O)[C@H]23)OCO4)cc(OC)c1OC,-7.579
Z2185274784,O=C1c2cccc3c2[C@H](CCC3)CN1[C@@H]1CN2CCC1CC2,-9.177
Z19674825,O=C(OCc1ccccc1)c1ccc(O)cc1,-7.562
Z2315585555,COC(=O)/C=C/C(=O)O,-3.986
Z2289798161,CC(C)(C(=O)c1cccnc1)c1cccnc1,-7.33
Z3041510496,C[N+](C)(C)CCOC(=O)CCC(=O)OCC[N+](C)(C)C,-5.208
Z2681891941,Cc1cncc(CN2CCC(=C3c4ccc(Cl)cc4CCc4cccnc43)CC2)c1,-15.989
Z2568647847,COCCCC/C(=N\OCCN)c1ccc(C(F)(F)F)cc1,-7.096
Z2568644345,CC1=C(C/C=C(\C)CCC[C@H](C)CCC[C@H](C)CCCC(C)C)C(=O)c2ccccc2C1=O,-8.557
Z2583154272,CO/N=C(\C(=O)N[C@@H]1C(=O)N2C(C(=O)O)=C(CSc3nnnn3C)CS[C@H]12)c1csc(N)n1,-7.469
Z104473554,CC(C)(O)C(Cl)(Cl)Cl,-4.161
Z104473974,O=C(O)C(O)c1ccccc1,-5.573
Z104473074,CC12CCC(CC1=O)C2(C)C,-5.487
Z50145861,CC1=NN(c2ccccc2)C(=O)C1,-6.565
Z56922101,O=C(O)c1cc(=O)c2ccccc2o1,-6.815
Z57127477,O=[N+]([O-])c1ccc(-c2ccccc2)cc1,-7.564
Z1888397835,O=C1CN2Cc3c(ccc(Cl)c3Cl)N=C2N1,-7.907
Z1521553578,CCCN(CCC)CCc1cccc2c1CC(=O)N2,-7.203
Z1552153009,O=C(O)CCCc1ccc(N(CCCl)CCCl)cc1,-6.455
Z91274084,O=C1CN(N=Cc2ccc(-c3ccc([N+](=O)[O-])cc3)o2)C(=O)N1,-8.46
Z1546616204,OC(CCN1CCCCC1)(c1ccccc1)C1CCCCC1,-8.364
Z57355370,CCCCC1C(=O)N(c2ccccc2)N(c2ccccc2)C1=O,-8.728
Z2768134941,Cc1c(-c2ccccc2)oc2c(C(=O)OCCN3CCCCC3)cccc2c1=O,-10.017
Z2037279770,CS(=O)(=O)c1ccc(C2=C(c3ccccc3)C(=O)OC2)cc1,-9.104
Z756391748,C[C@@H]1C[C@H]2[C@@H]3CCC4=CC(=O)C=C[C@]4(C)[C@@]3(F)[C@@H](O)C[C@]2(C)[C@@]1(O)C(=O)CO,-7.759
Z1532363097,O[C@H](c1cc(C(F)(F)F)nc2c(C(F)(F)F)cccc12)[C@@H]1CCCCN1,-10.193
Z1565440332,CN1CCN(CCCN2c3ccccc3Sc3ccc(C(F)(F)F)cc32)CC1,-9.019
Z239859926,CCOC(=O)C1=C(C)NC(C)=C(C(=O)OC)C1c1cccc([N+](=O)[O-])c1,-7.097
Z1172912933,CCCC(=O)N1CCCN(c2nc(N)c3cc(OC)c(OC)cc3n2)CC1,-11.401
Z756424454,COC1=CC(=O)C[C@@H](C)[C@]12Oc1c(Cl)c(OC)cc(OC)c1C2=O,-6.674
Z1741976976,C=C[C@H]1CN2CC[C@H]1C[C@@H]2[C@@H](O)c1ccnc2ccc(OC)cc12,-9.145
Z3243814856,C[C@@H](O)[C@H]1C(=O)N2C(C(=O)O)=C(S[C@@H]3CN[C@H](C(=O)N(C)C)C3)[C@H](C)[C@H]12,-7.068
Z2588038940,CC(C)Cn1cnc2c(N)nc3ccccc3c21,-7.912
Z3234892128,CS(=O)(=O)c1cc(C(F)(F)F)ccc1C(=O)c1cnoc1C1CC1,-8.948
Z2238899644,CC(=O)OCC(=O)[C@@]1(O)CC[C@H]2[C@@H]3CCC4=CC(=O)CC[C@]4(C)[C@H]3C(=O)C[C@@]21C,-9.276
Z2588038997,O=C1C(O)=C([C@H]2CC[C@H](c3ccc(Cl)cc3)CC2)C(=O)c2ccccc21,-9.819
Z2235802254,Nc1nc(F)nc2c1ncn2[C@@H]1O[C@H](COP(=O)(O)O)[C@@H](O)[C@@H]1O,-7.305
Z2471178866,Nc1nc(NC2CC2)c2ncn([C@H]3C=C[C@@H](CO)C3)c2n1,-8.305
Z2235801884,Cc1ccc(NC(=O)C2(c3ccc4c(c3)OC(F)(F)O4)CC2)nc1-c1cccc(C(=O)O)c1,-10.326
Z2512157889,CC(O)c1cc(C(=O)N[C@@H](C)Cn2ccc(-c3ccc(C#N)c(Cl)c3)n2)n[nH]1,-8.423
Z1203577934,NC(=O)NO,-3.66
Z104495240,CC(=O)C(=O)O,-3.316
Z57901905,Cn1ccnc1S,-3.335
Z57127551,Oc1ccc(O)cc1,-4.497
Z33546644,NC(=O)c1cnccn1,-4.216
Z56922173,CCCc1cc(=O)[nH]c(S)n1,-5.145
Z2299468139,Nc1nc(=S)c2[nH]cnc2[nH]1,-5.281
Z57103974,NCc1ccc(S(N)(=O)=O)cc1,-5.7
Z2768168188,O=C(O)[C@H](O)[C@@H](O)[C@H](O)[C@H](O)CO,-4.553
Z1741970251,Cc1ncc(COP(=O)(O)O)c(C=O)c1O,-5.958
Z56841337,CN1CCc2c(c3ccccc3n2Cc2ccccc2)C1,-9.17
Z56755828,Cc1cccc(Nc2ccccc2C(=O)O)c1C,-8.532
Z82177056,CS(=O)(=O)c1ccc(-c2cn3ccccc3n2)cc1,-8.16
Z56755651,CC(C)C(=O)Nc1ccc([N+](=O)[O-])c(C(F)(F)F)c1,-7.626
Z432085130,O=S(=O)(c1cccc2cnccc12)N1CCCNCC1,-12.335
Z1521549186,CCc1cccc2c3c([nH]c12)C(CC)(CC(=O)O)OCC3,-7.881
Z2177958148,CCC(c1ccccc1)c1c(O)c2ccccc2oc1=O,-8.539
Z56933707,O=C(O)c1cn(C2CC2)c2cc(N3CCNCC3)c(F)cc2c1=O,-8.382
Z1137167676,OCCN(CCO)c1nc(N2CCCCC2)c2nc(N(CCO)CCO)nc(N3CCCCC3)c2n1,-6.542
Z2724205341,NC(=O)c1cccc2cn(-c3ccc([C@@H]4CCCNC4)cc3)nc12,-9.494
Z2681892420,COc1ccc(Cc2cnc(N)nc2N)cc1OC,-6.926
Z1537603096,CC(C)Cc1ccc(C(C)C(=O)OCc2ccccn2)cc1,-8.316
Z56761309,CC1COc2c(N3CCN(C)CC3)c(F)cc3c(=O)c(C(=O)O)cn1c23,-9.833
Z84655412,CCN1CCCC1CNC(=O)c1cc(S(N)(=O)=O)ccc1OC,-7.201
Z1546616205,COc1cc(C(=O)NS(=O)(=O)c2ccccc2C)ccc1Cc1cn(C)c2ccc(NC(=O)OC3CCCC3)cc12,-7.893
Z2065671241,O=C(N[C@H](CO)[C@H](O)c1ccc([N+](=O)[O-])cc1)C(Cl)Cl,-6.655
Z1741982549,C[C@@H]1[C@H](O)[C@@H](C)C=CC=CC=CC=CC=CC=CC=C[C@H](O[C@@H]2O[C@H](C)[C@@H](O)[C@H](N)[C@@H]2O)C[C@@H]2O[C@](O)(C[C@@H](O)C[C@@H](O)[C@H](O)CC[C@@H](O)C[C@@H](O)CC(=O)O[C@H]1C)C[C@H](O)[C@H]2C(=O)O,10.0
Z2417556930,CC(=O)Nc1c(I)c(C(=O)O)c(I)c(N(C)C(C)=O)c1I,-6.562
Z2235801980,CN1C(C(=O)Nc2ccccn2)=C(O)c2sc(Cl)cc2S1(=O)=O,-7.853
Z1824566854,COc1c(N2CCNC(C)C2)c(F)cc2c(=O)c(C(=O)O)cn(C3CC3)c12,-8.636
Z2315574891,CC1=C(/C=C/C(C)=C/C=C/C(C)=C/CO)C(C)(C)CCC1,-9.065
Z1522566622,CCN(CC)C(=S)S,-3.418
Z58981801,NNC(=O)c1ccncc1,-5.289
Z57980178,NNc1nncc2ccccc12,-6.596
Z1820079046,C#CCN[C@@H]1CCc2ccccc21,-6.308
Z57198680,Nc1ccc(S(=O)(=O)Nc2nccs2)cc1,-6.905
Z2756516821,c1ccc(CN(CC2=NCCN2)c2ccccc2)cc1,-7.79
Z2037281404,CN(C)C(=O)Oc1cccc([N+](C)(C)C)c1,-5.908
Z87001357,CC1(C)N=C(N)N=C(N)N1c1ccc(Cl)cc1,-7.778
Z276115700,O=C1c2ccccc2C(=O)C1c1ccccc1,-8.432
Z104474418,CCCCCCCCCCCCCCCC(=O)O,-5.658
Z57664072,Cn1c(=O)c2c(ncn2CC(O)CO)n(C)c1=O,-6.57
Z111872342,Cc1nc2ccccc2n1Cc1ccc(Cl)cc1,-8.024
Z56175413,COc1ccc(C2C(=O)c3ccccc3C2=O)cc1,-9.19
Z802671522,CCc1c(C)[nH]c2c1C(=O)C(CN1CCOCC1)CC2,-8.825
Z2417556873,CCCCCCCCCCCCCCCC[N+](C)(C)C,-5.844
Z732250592,CC(=O)CC(c1ccccc1)c1c(O)c2ccccc2oc1=O,-8.781
Z1501485369,CC(C)OC(=O)C(C)(C)Oc1ccc(C(=O)c2ccc(Cl)cc2)cc1,-8.83
Z57170530,O=c1oc2ccccc2c(O)c1Cc1c(O)c2ccccc2oc1=O,-8.965
Z56804486,CCC(C(=O)O)c1ccc(N2Cc3ccccc3C2=O)cc1,-9.106
Z57479431,CCCCN1CCCCC1C(=O)Nc1c(C)cccc1C,-7.542
Z1552161470,O=C1CC[C@@]2(O)[C@H]3Cc4ccc(O)c5c4[C@@]2(CCN3CC2CC2)[C@H]1O5,-6.984
Z1544404944,CCC(C)n1ncn(-c2ccc(N3CCN(c4ccc(OC[C@H]5CO[C@](Cn6cncn6)(c6ccc(Cl)cc6Cl)O5)cc4)CC3)cc2)c1=O,10.0
Z1255523427,O=C(NCC1CCCCN1)c1cc(OCC(F)(F)F)ccc1OCC(F)(F)F,-7.99
Z1741982628,CC(=O)CCCCn1c(=O)c2c(ncn2C)n(C)c1=O,-7.127
Z2213886907,CC(C)C[C@H](NC(=O)[C@H](Cc1ccccc1)NC(=O)c1cnccn1)B(O)O,10.0
Z2216885233,CC(C(=O)O)c1ccc(-c2ccccc2)c(F)c1,-8.14
Z2216889767,Cc1c(C)c2c(c(C)c1OC(=O)CCC(=O)O)CC[C@@](C)(CCC[C@H](C)CCC[C@H](C)CCCC(C)C)O2,10.0
Z1590789254,O=C(CCCN1CCC(O)(c2ccc(Cl)cc2)CC1)c1ccc(F)cc1,-8.892
Z2681891576,O=C(/C=C/c1ccccc1)NCCO,-6.576
Z3013814504,Cc1c(C)c2c(c(C)c1O)CCC(C)(C(=O)O)O2,-8.027
Z3234799722,CCCCCCCCCCCCCCCCCC[N+](C)(C)CCCCCCCCCCCCCCCCCC,10.0
Z1515383337,COc1ccccc1OCCNCC(O)COc1cccc2[nH]c3ccccc3c12,-8.975
Z2568721846,CC(C)OC(=O)CCC/C=C\C[C@@H]1[C@@H](/C=C/C(F)(F)COc2ccccc2)[C@H](O)C[C@@H]1O,-7.751
Z8781773424,CC[C@@H](C)[C@H]1O[C@]2(CC[C@@H]1C)C[C@@H]1C[C@@H](C/C=C(\C)[C@@H](O[C@H]3C[C@H](OC)[C@@H](O[C@H]4C[C@H](OC)[C@@H](O)[C@H](C)O4)[C@H](C)O3)[C@@H](C)/C=C/C=C3\CO[C@@H]4[C@H](O)C(C)=C[C@@H](C(=O)O1)[C@]34O)O2,10.0
Z106938868,CC(O)CO,-3.041
Z104472524,Nc1ccc(N)cc1,-4.53
Z1201621875,Nc1[nH]c(=O)ncc1F,-4.718
Z756391526,CCCC(CCC)C(=O)O,-4.756
Z1198155509,CCC(C)C(CC)C(N)=O,-4.803
Z57825347,Oc1c(I)cc(I)c2cccnc12,-6.757
Z111781330,Oc1c(Cl)cc(Cl)c2cccnc12,-6.668
Z360145318,CN1C(=O)CC(c2ccccc2)C1=O,-6.651
Z56771118,NCCCC(O)(P(=O)(O)O)P(=O)(O)O,-4.941
Z1269145528,COc1ccc(-c2cc(=S)ss2)cc1,-6.235
Z1508914616,CC(C)Cc1ccc([C@H](C)C(=O)O)cc1,-7.1
Z1509562802,CCCCOCc1ccc(O)c(OC)c1,-6.079
Z56763819,CCS(=O)(=O)CCn1c([N+](=O)[O-])cnc1C,-5.647
Z2044771577,O=C(Cn1ccnc1[N+](=O)[O-])NCc1ccccc1,-6.791
Z1162463430,CNC(=NC#N)NCCSCc1nc[nH]c1C,-5.875
Z231745614,Clc1ccccc1CN1CCc2sccc2C1,-7.047
Z1541759499,Cc1nc(-c2ccc(OCC(C)C)c(C#N)c2)sc1C(=O)O,-7.596
Z1546610490,CN(C)C(=O)C(CCN1CCC(O)(c2ccc(Cl)cc2)CC1)(c1ccccc1)c1ccccc1,-8.45
Z2037281001,CCc1nn(CCCN2CCN(c3cccc(Cl)c3)CC2)c(=O)n1CCOc1ccccc1,-7.936
Z53833825,CCOCCOC(=O)C=Cc1ccc(OC)cc1,-5.901
Z1521553982,CN(Cc1cnc2nc(N)nc(N)c2n1)c1ccc(C(=O)N[C@@H](CCC(=O)O)C(=O)O)cc1,-7.82
Z1546621742,CC(=O)O[C@@]12CO[C@@H]1C[C@H](O)[C@@]1(C)C(=O)[C@H](O)C3=C(C)[C@@H](OC(=O)[C@H](O)[C@@H](NC(=O)OC(C)(C)C)c4ccccc4)C[C@@](O)([C@@H](OC(=O)c4ccccc4)[C@H]21)C3(C)C,10.0
Z756475348,O=c1[nH]c(=O)n([C@H]2C[C@H](O)[C@@H](CO)O2)cc1F,-6.358
Z778141968,C[C@]12C=CC(=O)C=C1CC[C@@H]1[C@@H]2[C@@H](O)C[C@@]2(C)[C@H]1CC[C@]2(O)C(=O)CO,-7.966
Z1575268710,NS(=O)(=O)c1cc2c(cc1Cl)N=C(CSCc1ccccc1)NS2(=O)=O,-8.328
Z1501485366,CC(=O)O[C@H]1C(=O)[C@@]2(C)[C@H]([C@H](OC(=O)c3ccccc3)[C@]3(O)C[C@H](OC(=O)[C@H](O)[C@@H](NC(=O)c4ccccc4)c4ccccc4)C(C)=C1C3(C)C)[C@]1(OC(C)=O)CO[C@@H]1C[C@@H]2O,10.0
Z1741975772,Cc1ccc(C(=O)c2ccc(CC(=O)O)n2C)cc1,-7.518
Z2235801890,CN(C)CCc1c[nH]c2ccc(C[C@H]3COC(=O)N3)cc12,-8.137
Z2235801892,CC(=O)[C@H]1CC[C@H]2[C@@H]3CC=C4C[C@@H](O)CC[C@]4(C)[C@H]3CC[C@]12C,-9.275
Z2077740507,CC[C@H]1[C@@H](O)[C@@H]2[C@H](CC[C@]3(C)[C@@H]([C@H](C)CCC(=O)O)CC[C@@H]23)[C@@]2(C)CC[C@@H](O)C[C@@H]12,-10.269
Z2379810087,C[C@@H]1CCC2[C@@H](C)[C@@H](O)O[C@@H]3OC4(C)CC[C@@H]1[C@@]23OO4,-7.553
Z2315576259,CN(C/C=C/C#CC(C)(C)C)Cc1cccc2ccccc12,-8.62
Z2568722545,CCN(CC)CCNC(=O)c1c(C)[nH]c(/C=C2\C(=O)Nc3ccc(F)cc32)c1C,-9.348
Z104343004,[O-][n+]1ccccc1S,-4.288
Z104495238,CCCCCCCC(=O)O,-4.447
Z384975088,CCC1(C)CC(=O)NC1=O,-5.444
Z405702410,Cc1cc(O)cc(C)c1Cl,-5.941
Z1147451717,O=C(O)[C@H](O)[C@@H](O)C(=O)O,-4.129
Z1198155421,CCC1(C)OC(=O)N(C)C1=O,-5.194
Z1696861853,CC(=O)NCCCS(=O)(=O)O,-4.449
Z756430566,N[C@@H](Cc1ccccc1)C(=O)O,-5.707
Z1741979085,NCCc1c[nH]c2ccc(O)cc12,-6.098
Z1551900340,CCCN[C@H]1CCc2nc(N)sc2C1,-5.925
Z1509504366,Cc1cc(C2CCCCC2)n(O)c(=O)c1,-7.302
Z1532338577,Nc1nnc(-c2cccc(Cl)c2Cl)c(N)n1,-7.155
Z2044741046,N[C@@H](Cc1c[nH]c2ccc(O)cc12)C(=O)O,-6.835
Z1544404499,Cc1cc2cc3c(C)cc(=O)oc3c(C)c2o1,-8.421
Z99599540,O=C(O)CCC(=O)c1ccc(-c2ccccc2)cc1,-8.19
Z53037954,CCCN(CCC)S(=O)(=O)c1ccc(C(=O)O)cc1,-6.514
Z1511483974,COc1cnc(NS(=O)(=O)c2ccc(N)cc2)nc1,-7.353
Z1530532758,CC(C(=O)O)c1cccc(C(=O)c2ccccc2)c1,-8.209
Z1948010801,O=C(Nc1ccccc1-c1ccc(Cl)cc1)c1cccnc1Cl,-9.055
Z1424590960,CCOC(=O)c1ccc(C#Cc2ccc3c(c2)C(C)(C)CCS3)nc1,-8.337
Z2065671687,Cc1onc(-c2ccccc2)c1-c1ccc(S(N)(=O)=O)cc1,-9.47
Z2065671185,CC1CCc2cc(F)cc3c(=O)c(C(=O)O)cn1c23,-8.35
Z2108698963,CC(O)(CS(=O)(=O)c1ccc(F)cc1)C(=O)Nc1ccc(C#N)c(C(F)(F)F)c1,-9.118
Z1341543331,Nc1ncnc2c1ncn2[C@@H]1O[C@H](CO)[C@@H](O)[C@H]1O,-6.903
Z1557492145,Fc1ccc([C@@H]2CCNC[C@H]2COc2ccc3c(c2)OCO3)cc1,-8.916
Z1741979782,CC(=O)O[C@H]1CC[C@@]2(C)C(=CC[C@@H]3[C@@H]2CC[C@]2(C)C(c4cccnc4)=CC[C@@H]32)C1,-9.756
Z2312626081,CC1(C)C[C@@H]1C(=O)N/C(=C\CCCCSC[C@H](N)C(=O)O)C(=O)O,-7.247
Z2242128693,CCCCN1CCCC[C@H]1C(=O)Nc1c(C)cccc1C,-7.566
Z3071621361,CC(C)(C)NC[C@H](O)c1ccc(O)c(CO)c1,-6.517
Z3407753879,C[C@H](CCC(=O)O)C1CC[C@H]2[C@@H]3C(=O)C[C@@H]4CC(=O)CC[C@]4(C)[C@H]3CC(=O)[C@]12C,-9.016
Z1501485353,CC(=O)[C@H]1CC[C@H]2[C@@H]3CCC4=CC(=O)CC[C@]4(C)[C@H]3CC[C@]12C,-9.501
Z2235811518,CC1=C(C(=O)O)N2C(=O)[C@@H](NC(=O)[C@H](N)C3=CCC=CC3)[C@H]2SC1,-8.27
Z2235801830,CNC(=O)c1cc(Oc2ccc(NC(=O)Nc3ccc(Cl)c(C(F)(F)F)c3)c(F)c2)ccn1,-9.789
Z3243814745,CCCCCCOC(=O)c1ccccc1C(=O)c1ccc(N(CC)CC)cc1O,-7.319
Z2235802137,C[C@H](Cc1cc2c(c(C(N)=O)c1)N(CCCO)CC2)NCCOc1ccccc1OCC(F)(F)F,-7.917
Z2756516920,COC(=O)c1ccc2c(c1)NC(=O)/C2=C(\Nc1ccc(N(C)C(=O)CN2CCN(C)CC2)cc1)c1ccccc1,-11.321
Z2235801952,C[C@@H]1CCO[C@H]2Cn3cc(C(=O)NCc4ccc(F)cc4F)c(=O)c(O)c3C(=O)N12,-9.568
Z2235801862,Cc1cccc(C)c1OCC(=O)N[C@@H](Cc1ccccc1)[C@@H](O)C[C@H](Cc1ccccc1)NC(=O)[C@H](C(C)C)N1CCCNC1=O,10.0
Z2382058334,CO/N=C(\C(=O)N[C@@H]1C(=O)N2C(C(=O)O)=C(COC(N)=O)CS[C@H]12)c1ccco1,-7.687
Z2568751224,CCc1cc(/C(C)=N/OCc2ccc(C3CCCCC3)c(C(F)(F)F)c2)ccc1CN1CC(C(=O)O)C1,-10.098
Z2583154880,CC(C)c1nc(N(C)S(C)(=O)=O)nc(-c2ccc(F)cc2)c1/C=C/[C@@H](O)C[C@@H](O)CC(=O)O,-9.169
Z2244578658,CN(C)C(N)=NC(=N)N,-4.157
Z203045518,Cn1c(=O)c2[nH]cnc2n(C)c1=O,-5.769
Z756456072,CC(=O)N[C@@H](CCC(N)=O)C(=O)O,-4.99
Z756468010,NC(=O)N[C@@H](CCC(=O)O)C(=O)O,-5.04
Z1255446224,CCCCCc1ccc(C)cc1O,-6.36
Z1255487817,NCC(CC(=O)O)c1ccccc1,-5.822
Z104476194,CCCCCCCCCCCC(=O)O,-5.044
Z641623606,CCN(CC)C(=O)N1CCN(C)CC1,-5.013
Z1509139960,CCC1(c2ccccc2)C(=O)NCNC1=O,-7.659
Z57198677,Cc1cc(NS(=O)(=O)c2ccc(N)cc2)no1,-7.29
Z2242061948,Cc1cc(C(C)(C)C)cc(C)c1CC1=NCCN1,-7.94
Z1552187007,CC(C(=O)O)c1cccc(Oc2ccccc2)c1,-7.845
Z1544404947,CNS(=O)(=O)Cc1ccc2[nH]cc(CCN(C)C)c2c1,-7.156
Z1741982921,CNCCC(Oc1ccc(C(F)(F)F)cc1)c1ccccc1,-8.607
Z1623942918,CN1CCC(=C2c3ccccc3CCc3cccnc32)CC1,-13.994
Z2301683487,N#CC[C@H](C1CCCC1)n1cc(-c2ncnc3[nH]ccc23)cn1,-7.969
Z1191880499,COc1ccc2[nH]cc(CCNC(C)=O)c2c1,-6.734
Z1551900487,Nc1nc(Cl)nc2c1ncn2[C@@H]1O[C@H](CO)[C@@H](O)[C@@H]1F,-7.398
Z1541758605,CCCc1nc(C(C)(C)O)c(C(=O)O)n1Cc1ccc(-c2ccccc2-c2nnn[nH]2)cc1,-8.532
Z1741968269,CCOc1nc2cccc(C(=O)O)c2n1Cc1ccc(-c2ccccc2-c2nnn[nH]2)cc1,-7.42
Z1741977144,CC(=O)OCC1=C(C(=O)O)N2C(=O)[C@@H](NC(=O)Cc3cccs3)[C@H]2SC1,-7.308
Z3041510078,CC1(C)S[C@@H]2[C@H](NC(=O)[C@H](N)c3ccc(O)cc3)C(=O)N2[C@H]1C(=O)O,-7.99
Z53833638,CCCOC(=O)c1ccc(O)cc1,-5.918
Z104500700,COc1ccc(C(=O)c2ccccc2)c(O)c1,-7.459
Z2204459563,OC[C@H]1O[C@@H](n2cnc3c2N=CNC[C@H]3O)C[C@@H]1O,-12.387
Z1494829513,COc1ccc2cc3[n+](cc2c1OC)CCc1cc2c(cc1-3)OCO2,-12.257
Z3223135042,CN[C@H](CC(C)C)C(=O)N[C@H]1C(=O)N[C@@H](CC(N)=O)C(=O)N[C@H]2C(=O)N[C@H]3C(=O)N[C@H](C(=O)NC(C(=O)O)c4cc(O)cc(O)c4-c4cc3ccc4O)[C@H](O)c3ccc(c(Cl)c3)Oc3cc2cc(c3O[C@@H]2OC(CO)[C@@H](O)[C@H](O)[C@H]2O[C@H]2C[C@](C)(N)[C@H](O)[C@H](C)O2)Oc2ccc(cc2Cl)[C@H]1O,10.0
Z3026628192,CCc1nc(C(N)=O)c(Nc2ccc(N3CCC(N4CCN(C)CC4)CC3)c(OC)c2)nc1NC1CCOCC1,-6.117
Z2312380068,Cc1ccc(/C=C2/C(=O)C3(C)CCC2C3(C)C)cc1,-8.584
Z2315575694,COc1c(C)c2c(c(O)c1C/C=C(\C)CCC(=O)O)C(=O)OC2,-7.987
Z2315575049,C/C=C/c1ccc(OC)cc1,-5.82
Z2568727518,CN(C)C/C=C/C(=O)Nc1cc2c(Nc3ccc(F)c(Cl)c3)ncnc2cc1O[C@H]1CCOC1,-8.565
Z104473830,Oc1ccccc1,-4.501
Z1954804966,O=c1nc[nH]c2[nH]ncc12,-5.208
Z111479786,OCc1ccc(Cl)cc1Cl,-5.306
Z812534818,NCCCC[C@H](N)C(=O)O,-4.337
Z3015912776,COC(=O)CCC(=O)CN,-4.093
Z1255360592,FC(F)OC(F)(F)C(F)Cl,-4.593
Z57169486,O=c1ccc2ccccc2o1,-6.096
Z57102382,CC(N)Cc1ccc(O)cc1,-5.564
Z56754480,CN(C)C(=S)SSC(=S)N(C)C,-4.178
Z2575039413,Cc1ncc(CO)c(C=O)c1O,-5.319
Z54178706,CCOC(=O)c1ccc(N)cc1,-5.553
Z1201619321,O=C[C@H](O)[C@@H](O)[C@H](O)[C@H](O)CO,-4.401
Z316101664,CCOC(=O)N1CSCC1C(=O)O,-4.916
Z2768168341,C#CCN(C)[C@H](C)Cc1ccccc1,-6.046
Z104476282,CCCCCC(C=O)=Cc1ccccc1,-6.352
Z1509470545,CCCCCCOC(=O)CCC(=O)CN,-5.523
Z2044783305,c1cnc2cc3c(cc2n1)[C@@H]1CNC[C@H]3C1,-7.885
Z1501485357,O=P(O)(O)C(O)(Cc1cccnc1)P(=O)(O)O,-5.848
Z104489074,O=C(OOC(=O)c1ccccc1)c1ccccc1,-7.911
Z56782585,O=C(O)c1cc(-c2ccccc2)nc2ccccc12,-9.024
Z732242096,COc1cc(NC(C)CCCN)c2ncccc2c1,-7.229
Z277559098,COc1nccnc1NS(=O)(=O)c1ccc(N)cc1,-6.88
Z905065772,CN1CCN2c3ncccc3Cc3ccccc3C2C1,-8.912
Z2196779550,CCN(CC)CCNC(=O)c1cc(Cl)c(N)cc1OC,-6.881
Z1541759222,CN1C(CCl)Nc2cc(Cl)c(S(N)(=O)=O)cc2S1(=O)=O,-7.266
Z234895185,COC(=O)Nc1nc2ccc(C(=O)c3ccccc3)cc2[nH]1,-8.465
Z1554103331,O=C(C1CCCCC1)N1CC(=O)N2CCc3ccccc3C2C1,-9.021
Z53829207,COCCOC(=O)C1=C(C)NC(C)=C(C(=O)OC(C)C)C1c1cccc([N+](=O)[O-])c1,-7.516
Z1511499171,Nc1ccn([C@@H]2O[C@H](CO)[C@@H](O)[C@@H]2O)c(=O)n1,-6.384
Z594284196,NC(=O)c1ncn([C@@H]2O[C@H](CO)[C@@H](O)[C@H]2O)n1,-6.26
Z31251611,CCN(CC)CCCC(C)Nc1c2ccc(Cl)cc2nc2ccc(OC)cc12,-8.296
Z3281948767,O=C(O)c1ccccc1C(=O)Nc1ccc(S(=O)(=O)Nc2nccs2)cc1,-8.573
Z56763920,COc1cc(NS(=O)(=O)c2ccc(N)cc2)nc(OC)n1,-7.077
Z1521553474,Nc1nc(=O)n([C@@H]2CS[C@H](CO)O2)cc1F,-6.386
Z754918914,CCC(C)(C)C(=O)O[C@H]1C[C@@H](C)C=C2C=C[C@H](C)[C@H](CC[C@@H]3C[C@@H](O)CC(=O)O3)[C@H]21,-8.402
Z1741977125,CN(C)CC(c1ccc(O)cc1)C1(O)CCCCC1,-7.344
Z2242006187,C=CC[C@@H]1C=C(C)C[C@H](C)C[C@H](OC)[C@H]2O[C@@](O)(C(=O)C(=O)N3CCCC[C@H]3C(=O)O[C@H](C(C)=C[C@@H]3CC[C@@H](O)[C@H](OC)C3)[C@H](C)[C@@H](O)CC1=O)[C@H](C)C[C@@H]2OC,10.0
Z2216896219,C[C@@H]1CCN(C(=O)CC#N)C[C@@H]1N(C)c1ncnc2[nH]ccc12,-7.405
Z19703590,COC(=O)c1ccccc1O,-5.401
Z3041510169,O=C1C=CC=CC1=C1NC(=C2C=CC=CC2=O)N(c2ccc(C(=O)O)cc2)N1,-12.283
Z754926486,CO[C@H]1C=CO[C@@]2(C)Oc3c(C)c(O)c4c(c3C2=O)C2=NC3(CCN(CC(C)C)CC3)NC2=C(NC(=O)C(C)=CC=C[C@H](C)[C@H](O)[C@@H](C)[C@@H](O)[C@@H](C)[C@H](OC(C)=O)[C@@H]1C)C4=O,10.0
Z3234966609,Clc1ccc(C(OCCN2CCCCC2)c2ccccc2)cc1,-8.521
Z2756516768,CN1CCN(C2=Nc3ccccc3Oc3ccc(Cl)cc32)CC1,-9.08
Z3031460626,OC[C@@H]1O[C@H](O)[C@@H](O)[C@H](O)[C@H]1O[C@@H]1O[C@H](CO)[C@H](O)[C@H](O)[C@H]1O,-6.906
Z1486007281,O[C@H]1[C@H](O)[C@@H](O)[C@H](O)[C@@H](O)[C@H]1O,-4.841
Z3223588754,N[C@@H]1[C@@H](O)[C@H](O)[C@@H](CO)O[C@H]1O,-5.01
Z2681891234,Cn1c(CNc2ccc(C(=N)N)cc2)nc2cc(C(=O)N(CCC(=O)O)c3ccccn3)ccc21,-8.888
Z2681890595,COCC(=O)Nc1c(I)c(C(=O)NCC(O)CO)c(I)c(C(=O)N(C)CC(O)CO)c1I,-6.37
Z2681891323,CS(=O)(=O)Nc1cc2occ(NC=O)c(=O)c2cc1Oc1ccccc1,-8.305
Z2315574947,OC/C=C/c1ccccc1,-5.418
Z2512157873,CC(C)(O)CNc1nc(Nc2ccnc(C(F)(F)F)c2)nc(-c2cccc(C(F)(F)F)n2)n1,-10.185
Z2588064174,COC(=O)[C@@H]1CC2=CC(=O)CC[C@]2(C)[C@@]23O[C@@H]2C[C@@]2(C)[C@@H](CC[C@@]24CCC(=O)O4)C13,-8.524
Z4670676681,CO[C@H]1C=CO[C@@]2(C)Oc3c(C)c(O)c4c(c3C2=O)C(=O)/C(=C/NN2CCN(C3CCCC3)CC2)C(=C4O)NC(=O)/C(C)=C\C=C/[C@H](C)[C@H](O)[C@@H](C)[C@@H](O)[C@@H](C)[C@H](OC(C)=O)[C@@H]1C,10.0
Z104509094,NC(CO)(CO)CO,-3.402
Z234896485,CC(C)(S)[C@@H](N)C(=O)O,-4.021
Z1203577925,CN(CC(=O)O)C(=N)N,-4.139
Z104499140,Sc1nc2ccccc2s1,-5.206
Z1255438834,O=C[C@H](O)[C@@H](O)[C@H](O)CO,-4.317
Z104474032,NCCc1ccc(O)c(O)c1,-5.357
Z1198723489,CNC[C@H](O)c1cccc(O)c1,-5.783
Z1551429722,CC12CC3CC(C)(C1)CC(N)(C3)C2,-6.404
Z2696918787,NC(N)=NC(=O)Cc1c(Cl)cccc1Cl,-6.466
Z649373426,CN1C(=O)CC(C)(c2ccccc2)C1=O,-7.533
Z995241886,CCOc1ccc2nc(S(N)(=O)=O)sc2c1,-6.586
Z1501480416,NS(=O)(=O)c1cc2c(cc1Cl)N=CNS2(=O)=O,-6.94
Z1443584665,O=C(O)c1ccc2nc(-c3cc(Cl)cc(Cl)c3)oc2c1,-8.886
Z56926638,CCn1cc(C(=O)O)c(=O)c2cc(F)c(N3CCNCC3)cc21,-8.272
Z89264780,CCCCCCCCCCCCCCCC[n+]1ccccc1,-6.404
Z1546624231,CC(C)[C@H](N)C(=O)OCCOCn1cnc2c(=O)[nH]c(N)nc21,-7.056
Z1550648760,CN(C)CCCC1(c2ccc(F)cc2)OCc2cc(C#N)ccc21,-7.632
Z2285376546,CCCCN(CCCC)CCC(O)c1cc2c(Cl)cc(Cl)cc2c2cc(C(F)(F)F)ccc12,-8.759
Z1521553713,N[C@@H](CC(=O)N1CCn2c(nnc2C(F)(F)F)C1)Cc1cc(F)c(F)cc1F,-8.924
Z1521553597,Cc1nc2n(c(=O)c1CCN1CCC(c3noc4cc(F)ccc34)CC1)CCCC2O,-9.863
Z1551967090,COc1ccc([C@@H]2Sc3ccccc3N(CCN(C)C)C(=O)[C@@H]2OC(C)=O)cc1,-11.276
Z1546610476,CC(C)c1c(C(=O)Nc2ccccc2)c(-c2ccccc2)c(-c2ccc(F)cc2)n1CC[C@@H](O)C[C@@H](O)CC(=O)O,10.0
Z104499156,CCC(=O)c1ccc(O)cc1,-5.715
Z2235802071,Cc1ccc(C(=O)c2cc(O)c(O)c([N+](=O)[O-])c2)cc1,-8.195
Z1557501642,C#C[C@]1(O)CC[C@H]2[C@@H]3CCc4cc(OC)ccc4[C@H]3CC[C@@]21C,-9.019
Z1216815730,O[C@@H]1CO[C@H]2[C@@H]1OC[C@@H]2O,-4.574
Z2235802088,CCCSc1nc(N[C@@H]2C[C@H]2c2ccc(F)c(F)c2)c2nnn([C@@H]3C[C@H](OCCO)[C@@H](O)[C@H]3O)c2n1,-9.75
Z2681891866,CCCCC(CC)COc1ccc(-c2nc(-c3ccc(OC)cc3)nc(-c3ccc(OCC(CC)CCCC)cc3O)n2)c(O)c1,10.0
Z1828098700,Cc1ccc(C(=O)Nc2ccc(CN3CCN(C)CC3)c(C(F)(F)F)c2)cc1C#Cc1cnc2cccnn12,-9.954
Z2301684748,CC(C)CN(C[C@@H](O)[C@H](Cc1ccccc1)NC(=O)O[C@H]1CO[C@H]2OCC[C@H]21)S(=O)(=O)c1ccc(N)cc1,10.0
Z2588038928,CC[C@H](C)[C@H](N)C1=N[C@H](C(=O)N[C@@H](CC(C)C)C(=O)N[C@H](CCC(=O)O)C(=O)N[C@H](C(=O)N[C@H]2CCCCNC(=O)[C@H](CC(N)=O)NC(=O)[C@@H](CC(=O)O)NC(=O)[C@H](Cc3c[nH]cn3)NC(=O)[C@@H](Cc3ccccc3)NC(=O)[C@H]([C@@H](C)CC)NC(=O)[C@@H](CCCN)NC2=O)[C@@H](C)CC)CS1,10.0
Z33546369,CCOC(N)=O,-3.218
Z104495272,Nc1ccncc1,-3.908
Z1954802409,C[N+](C)(C)CCO,-3.591
Z1066276474,NC(=O)C[C@H](N)C(=O)O,-4.135
Z991547388,NCCC[C@H](N)C(=O)O,-4.361
Z1198155477,Cc1nc(C)c(Cl)c(O)c1Cl,-5.561
Z104485030,Cc1cc(O)c(C(C)C)cc1Cl,-6.261
Z54953371,CCOc1ccccc1C(N)=O,-5.565
Z1198155511,CN(CCOP(=O)(O)O)C(=N)N,-4.784
Z56872184,CC(N)C12CC3CC(CC(C3)C1)C2,-6.269
Z57126994,CCCCOC(=O)c1ccc(N)cc1,-6.058
Z2756516861,Cc1cccc(Cc2c[nH]cn2)c1C,-6.962
Z49562666,N=C(N)NN=Cc1c(Cl)cccc1Cl,-6.597
Z756442196,CC(=O)N[C@@H](Cc1ccc(O)cc1)C(=O)O,-6.4
Z594284200,Nc1nc(=O)c2ncn(COC(CO)CO)c2[nH]1,-6.339
Z1521553473,Cc1ccnc2c1NC(=O)c1cccnc1N2C1CC1,-8.441
Z1575267190,Cc1ccc(S(=O)(=O)NC(=O)NN2CCCCCC2)cc1,-11.214
Z1501485364,Cc1nccn1CC1CCc2c(c3ccccc3n2C)C1=O,-9.359
Z1575278780,CN(C)CCC=C1c2ccccc2C=Cc2ccccc21,-13.291
Z1556052559,CC(C)N(CCC(C(N)=O)(c1ccccc1)c1ccccn1)C(C)C,-6.786
Z2242062173,CC(C)C[C@H](NC(=O)[C@@H](O)[C@H](N)Cc1ccccc1)C(=O)O,-7.472
Z31369389,COc1ccccc1N1CCN(CC(O)COc2cccc3ccccc23)CC1,-9.414
Z2756516876,NC1=NCC2c3ccccc3Cc3ccccc3N12,-8.991
Z57152561,O=C1CN(N=Cc2ccc([N+](=O)[O-])o2)C(=O)N1,-6.824
Z756440078,Nc1nc(F)nc2c1ncn2[C@@H]1O[C@H](CO)[C@@H](O)[C@@H]1O,-7.325
Z1558504346,C[C@]12C=CC(=O)N[C@@H]1CC[C@@H]1[C@@H]2CC[C@]2(C)[C@@H](C(=O)Nc3cc(C(F)(F)F)ccc3C(F)(F)F)CC[C@@H]12,-10.302
Z2569864568,C[C@H](N[C@@H](CCc1ccccc1)C(=O)O)C(=O)N1CCC[C@H]1C(=O)O,-7.414
Z1501480422,CS(=O)(=O)CCNCc1ccc(-c2ccc3ncnc(Nc4ccc(OCc5cccc(F)c5)c(Cl)c4)c3c2)o1,-8.247
Z1379303659,CCCCC(=O)N(Cc1ccc(-c2ccccc2-c2nnn[nH]2)cc1)[C@H](C(=O)O)C(C)C,-7.832
Z1741981513,NS(=O)(=O)c1cc(C2(O)NC(=O)c3ccccc32)ccc1Cl,-8.573
Z2144222809,CN(C)[C@@H]1C(O)=C(C(N)=O)C(=O)[C@@]2(O)C(O)=C3C(=O)c4c(O)cccc4[C@@](C)(O)[C@H]3C[C@@H]12,-7.502
Z608060832,CC(C)(C)NCC(O)COc1cccc2c1C[C@H](O)[C@H](O)C2,-7.279
Z1465002628,CN(C)c1ccc(C(=C2C=CC(=[N+](C)C)C=C2)c2ccc(N(C)C)cc2)cc1,-3.885
Z1592690505,OCCN1CCN(CCCN2c3ccccc3Sc3ccc(C(F)(F)F)cc32)CC1,-9.426
Z3025678941,CCOc1ccc2ccccc2c1C(=O)N[C@@H]1C(=O)N2[C@@H]1SC(C)(C)[C@@H]2C(=O)O,-8.627
Z1544404029,CON=C(C(=O)N[C@@H]1C(=O)N2C(C(=O)O)=C(COC(C)=O)CS[C@H]12)c1csc(N)n1,-7.167
Z1521553714,C[C@H]1C[C@H]2[C@@H]3CCC4=CC(=O)C=C[C@]4(C)[C@@]3(F)[C@@H](O)C[C@]2(C)[C@@]1(O)C(=O)CO,-9.167
Z1530425064,C[C@]12CCC(=O)C=C1CC[C@@H]1[C@@H]2[C@@H](O)C[C@@]2(C)[C@H]1CC[C@]2(O)C(=O)CO,-7.407
Z1278926502,CC1=CC[C@@H](C(C)(C)O)C[C@@H]1O,-5.912
Z2235811577,CCCOc1ccc(S(=O)(=O)NCCC2CCCN2C)cc1-c1nc(=O)c2c([nH]1)c(CCC)nn2C,-8.579
Z2315575242,CCCCC/C=C\C/C=C\CCCCCCCC(=O)O,-6.075
Z760035162,N[C@@H](CS)C(=O)O,-3.235
Z1201617125,FC(F)(F)C(Cl)Br,-3.699
Z756430564,CC(C)[C@H](N)C(=O)O,-4.029
Z1255431434,C=CC(N)CCC(=O)O,-4.236
Z2238930991,CNCCc1ccccn1,-4.882
Z104496566,Cc1ccc(C(C)C)cc1O,-6.015
Z1691545280,CNC(C)Cc1ccccc1OC,-5.559
Z1269196032,NCCC(O)(P(=O)(O)O)P(=O)(O)O,-4.423
Z277559108,CC(=O)Nc1nnc(S(N)(=O)=O)s1,-5.323
Z53845223,CCN1C(=O)NC(c2ccccc2)C1=O,-7.433
Z2301534047,c1ccc2c(SC3=NCCN3)c[nH]c2c1,-7.064
Z56755859,CC(C)NCC(O)c1ccc([N+](=O)[O-])cc1,-6.661
Z1546610471,Nc1nc(=O)c2ncn(COCCO)c2[nH]1,-5.724
Z104476766,CCN(CC)CCOC(=O)c1ccc(N)cc1,-6.361
Z104473594,CCCCCCCCCCCCCCCCO,-5.795
Z57281900,CN(C)CCOC(=O)COc1ccc(Cl)cc1,-5.767
Z1515385085,CCc1nc(N)nc(N)c1-c1ccc(Cl)cc1,-7.412
Z57063156,Cn1cnc([N+](=O)[O-])c1Sc1ncnc2nc[nH]c12,-6.82
Z56922127,O=C(O)c1cccnc1Nc1cccc(C(F)(F)F)c1,-8.279
Z1562203528,NS(=O)(=O)c1cc2c(cc1Cl)NC(C(Cl)Cl)NS2(=O)=O,-7.468
Z1515385080,COc1ncnc(NS(=O)(=O)c2ccc(N)cc2)c1OC,-7.481
Z2177953192,O=C1Nc2ccc(Cl)cc2[C@@](C#CC2CC2)(C(F)(F)F)O1,-7.734
Z2568700088,CN(CCOc1ccc(CC2SC(=O)NC2=O)cc1)c1ccccn1,-8.148
Z2196311755,Cc1cc(C=Cc2ccc3cc(N(C)C)ccc3[n+]2C)c(C)n1-c1ccccc1,-12.017
Z2227698469,O=C(c1cc(Cc2n[nH]c(=O)c3ccccc23)ccc1F)N1CCN(C(=O)C2CC2)CC1,-9.924
Z1521553844,CCCC(=O)OCOC(=O)C1=C(C)NC(C)=C(C(=O)OC)C1c1cccc(Cl)c1Cl,-7.671
Z1741982024,Nc1ccn([C@@H]2O[C@H](CO)[C@@H](O)C2(F)F)c(=O)n1,-6.81
Z2568699261,OCCOCCN1CCN(C2=Nc3ccccc3Sc3ccccc32)CC1,-7.899
Z53833636,CCOC(=O)c1ccc(O)cc1,-5.649
Z147642460,O=C(OCCO)c1ccccc1O,-6.077
Z3292113945,O=C(O[C@H]1CN2CCC1CC2)N1CCc2ccccc2[C@@H]1c1ccccc1,-9.519
Z2301684603,C[C@]12CC[C@H](O)CC1=CC[C@@H]1[C@@H]2CC[C@]2(C)C(c3cccnc3)=CC[C@@H]12,-10.012
Z2235802104,Cc1cc(Nc2ncc(Cl)c(Nc3ccccc3S(=O)(=O)C(C)C)n2)c(OC(C)C)cc1C1CCNCC1,-8.755
Z2568666661,CC(C)n1c(/C=C/[C@@H](O)C[C@@H](O)CC(=O)O)c(-c2ccc(F)cc2)c2ccccc21,-9.636
Z104473818,Cc1ccc(O)cc1,-4.982
Z1201619320,S=P(N1CC1)(N1CC1)N1CC1,-4.319
Z1255485183,CC(=O)Oc1cccc(O)c1,-5.246
Z752915492,CC(C)c1cccc(C(C)C)c1O,-6.21
Z1198155412,Cc1ncc([N+](=O)[O-])n1CC(C)O,-5.366
Z1198148417,CCCn1c(=O)[nH]c(=O)c2[nH]cnc21,-5.885
Z1255434943,C[C@](N)(Cc1ccc(O)cc1)C(=O)O,-6.047
Z1269122570,CC1=Nc2ccc(Cl)cc2S(=O)(=O)N1,-6.69
Z2569257770,NCC(CC(=O)O)c1ccc(Cl)cc1,-6.126
Z57117643,NC(=O)c1cc([N+](=O)[O-])cc([N+](=O)[O-])c1,-5.962
Z2768171875,Nc1ccc2cc3ccc(N)cc3nc2c1,-7.986
Z106952910,Cc1cc(C)cc(OCC2CNC(=O)O2)c1,-7.28
Z53843610,CCC1(c2ccccc2)NC(=O)N(C)C1=O,-7.267
Z1713449471,Cc1nnc(NS(=O)(=O)c2ccc(N)cc2)s1,-7.127
Z1741976844,CCOC(=O)c1cncn1[C@H](C)c1ccccc1,-6.883
Z398538014,COCCc1ccc(OCC(O)CNC(C)C)cc1,-6.707
Z1020762628,CCC(O)(c1ccccc1)c1cccc(C(F)(F)F)c1,-8.207
Z1546610478,CN(C)CCCN1c2ccccc2CCc2ccccc21,-12.445
Z1530532759,CC(=O)OCC(CCn1cnc2cnc(N)nc21)COC(C)=O,-6.892
Z1557400301,N[C@@H](Cc1cc(I)c(Oc2ccc(O)c(I)c2)c(I)c1)C(=O)O,-7.789
Z57233591,O=C1OC(c2ccc(O)cc2)(c2ccc(O)cc2)c2ccccc21,-7.007
Z1514053266,CC(C)[C@H]1CC[C@H](C(=O)N[C@H](Cc2ccccc2)C(=O)O)CC1,-7.951
Z2037280438,CNC(=O)c1ccc(N2C(=S)N(c3cnc(C#N)c(C(F)(F)F)c3)C(=O)C23CCC3)cc1F,-9.832
Z1172269406,COc1cc2nc(N3CCN(C(=O)C4CCCO4)CC3)nc(N)c2cc1OC,-8.396
Z1541759495,CCOC(=O)C1=C[C@@H](OC(CC)CC)[C@H](NC(C)=O)[C@@H](N)C1,-6.88
Z1541759910,CO[C@H]1O[C@@H]2O[C@@]3(C)CC[C@H]4[C@H](C)CC[C@@H]([C@H]1C)[C@@]24OO3,-6.715
Z2569809969,CCN1CC(CCN2CCOCC2)C(c2ccccc2)(c2ccccc2)C1=O,-6.518
Z2065417924,C[C@@H](Oc1cc(-c2cnn(C3CCNCC3)c2)cnc1N)c1c(Cl)ccc(F)c1Cl,-9.205
Z1530425070,C[C@]12CC[C@@H]3c4ccc(O)cc4CC[C@H]3[C@@H]1CCC2=O,-9.499
Z1255438640,CC(C)[C@@H]1CC[C@@H](C)C[C@H]1O,-5.79
Z1741977097,O=C(NC[C@H]1CN(c2ccc(N3CCOCC3=O)cc2)C(=O)O1)c1ccc(Cl)s1,-9.128
Z1592690502,CSc1ccc2c(c1)N(CCC1CCCCN1C)c1ccccc1S2,-8.766
Z2588063484,CC(C)C(=O)c1c(C(C)C)nn2ccccc12,-7.275
Z1554101876,Cc1onc(-c2c(Cl)cccc2Cl)c1C(=O)N[C@@H]1C(=O)N2[C@@H]1SC(C)(C)[C@@H]2C(=O)O,-6.96
Z2240938942,CCOC(=O)[C@H](CCc1ccccc1)N[C@@H](C)C(=O)N1Cc2ccccc2C[C@H]1C(=O)O,-8.73
Z1515376764,CO[C@H]1C=CO[C@@]2(C)Oc3c(C)c(O)c4c(O)c(c(C=NN5CCN(C)CC5)c(O)c4c3C2=O)NC(=O)C(C)=CC=C[C@H](C)[C@H](O)[C@@H](C)[C@@H](O)[C@@H](C)[C@H](OC(C)=O)[C@@H]1C,10.0
Z2379810058,CCCCN1C[C@H](O)[C@@H](O)[C@H](O)[C@H]1CO,-5.547
Z1501475009,CCC1=C(C)CN(C(=O)NCCc2ccc(S(=O)(=O)NC(=O)N[C@H]3CC[C@H](C)CC3)cc2)C1=O,-8.637
Z1521553599,CC(C)c1nc(CN(C)C(=O)N[C@H](C(=O)N[C@@H](Cc2ccccc2)C[C@H](O)[C@H](Cc2ccccc2)NC(=O)OCc2cncs2)C(C)C)cs1,10.0
Z3207130728,CCC(=O)O[C@@H](OP(=O)(CCCCc1ccccc1)CC(=O)N1C[C@H](C2CCCCC2)C[C@H]1C(=O)O)C(C)C,10.0
Z1258932192,COC(=O)N[C@H](C(=O)N[C@@H](Cc1ccccc1)[C@@H](O)CN(Cc1ccc(-c2ccccn2)cc1)NC(=O)[C@@H](NC(=O)OC)C(C)(C)C)C(C)(C)C,10.0
Z1501485354,CN1CC(=O)N2[C@H](c3ccc4c(c3)OCO4)c3[nH]c4ccccc4c3C[C@@H]2C1=O,-10.499
Z2568666690,CC(C)(O)c1ccccc1CC[C@@H](SCC1(CC(=O)O)CC1)c1cccc(/C=C/c2ccc3ccc(Cl)cc3n2)c1,10.0
Z2587758505,CC1(C)C(/C=C/C=C/C=C/C=C2\N(CCCCS(=O)(=O)O)c3ccc4ccccc4c3C2(C)C)=[N+](CCCCS(=O)(=O)[O-])c2ccc3ccccc3c21,10.0
Z3064247938,CCC(CC)COC(=O)[C@H](C)N[P@](=O)(OC[C@H]1O[C@@](C#N)(c2ccc3c(N)ncnn23)[C@H](O)[C@@H]1O)Oc1ccccc1,10.0
Z2867120994,NCCc1cc[nH]n1,-4.26
Z813019058,C[C@@H](O)[C@H](N)C(=O)O,-3.956
Z756429958,O=C(O)[C@@H]1CCCN1,-4.489
Z104473570,OCCOc1ccccc1,-4.965
Z1201618663,FC(F)OC(Cl)C(F)(F)F,-4.464
Z1198149813,OC[C@@H](O)[C@@H](O)[C@H](O)[C@H](O)CO,-4.395
Z1255449978,CNC[C@H](O)c1ccc(O)c(O)c1,-5.701
Z57965636,O=C(NCCO[N+](=O)[O-])c1cccnc1,-5.713
Z971222254,Cc1c(C(N)=O)cc([N+](=O)[O-])cc1[N+](=O)[O-],-6.397
Z19825582,O=C(OCc1ccccc1)c1ccccc1,-7.28
Z2588040189,COc1nc(C)nc(Cl)c1NC1=NCCN1,-6.001
Z104478940,CCn1cc(C(=O)O)c(=O)c2ccc(C)nc21,-7.153
Z104493622,CN1C(=O)CCS(=O)(=O)C1c1ccc(Cl)cc1,-7.381
Z905162656,O=C1CCC(N2C(=O)c3ccccc3C2=O)C(=O)N1,-8.498
Z275128584,NS(=O)(=O)c1cc(C(=O)O)c(NCc2ccco2)cc1Cl,-7.469
Z27661938,Cc1c(NC(=O)c2cccnc2)c(=O)n(-c2ccccc2)n1C,-8.529
Z2037280076,Cc1cnc(Nc2ccc(OCCN3CCCC3)cc2)nc1Nc1cccc(S(=O)(=O)NC(C)(C)C)c1,-8.583
Z1541759373,CCCCc1oc2ccc(NS(C)(=O)=O)cc2c1C(=O)c1ccc(OCCCN(CCCC)CCCC)cc1,10.0
Z2065671295,CC(=O)c1ccc2c(c1)N(CCCN1CCC(CCO)CC1)c1ccccc1S2,-9.124
Z199040762,CCOC(=O)C1=C(COCCN)NC(C)=C(C(=O)OC)C1c1ccccc1Cl,-5.971
Z276509110,CCCNC(=O)NS(=O)(=O)c1ccc(Cl)cc1,-7.15
Z784767764,COc1cc2nc(N3CCN(C(=O)C4COc5ccccc5O4)CC3)nc(N)c2cc1OC,-8.887
Z3235136057,CN(C)CCC[C@@]1(c2ccc(F)cc2)OCc2cc(C#N)ccc21,-7.024
Z53833295,CCOC(=O)c1ccccc1O,-5.77
Z1515385075,CN(C)[C@@H]1C(O)=C(C(N)=O)C(=O)[C@@]2(O)C(O)=C3C(=O)c4c(O)cccc4[C@@](C)(O)[C@H]3[C@H](O)[C@@H]12,-6.477
Z1269124804,C[C@H](CS)C(=O)N1CCC[C@H]1C(=O)O,-5.424
Z3244598618,CCC(C)CCCCC(=O)N[C@@H](CCN)C(=O)N[C@H](C(=O)N[C@@H](CCN)C(=O)N[C@H]1CCNC(=O)[C@H]([C@@H](C)O)NC(=O)[C@H](CCN)NC(=O)[C@H](CCN)NC(=O)[C@H](CC(C)C)NC(=O)[C@@H](Cc2ccccc2)NC(=O)[C@@H](CCN)NC1=O)[C@@H](C)O,10.0
Z3041521404,CCOC(=O)COc1ccc2c(C)c(CCN(CC)CC)c(=O)oc2c1,-7.492
Z2235802141,CCC[C@H](NC(=O)[C@@H]1[C@H]2CCC[C@H]2CN1C(=O)[C@@H](NC(=O)[C@@H](NC(=O)c1cnccn1)C1CCCCC1)C(C)(C)C)C(=O)C(=O)NC1CC1,10.0
Z2235801970,CC#CCn1c(N2CCC[C@@H](N)C2)nc2c1c(=O)n(Cc1nc(C)c3ccccc3n1)c(=O)n2C,-9.211
Z2756516862,Cc1c(OCC(F)(F)F)ccnc1C[S@@+]([O-])c1nc2ccccc2[nH]1,-8.386
Z2311575452,CC1=C(/C=C/C(C)=C/C=C/C(C)=C\C(=O)O)C(C)(C)CCC1,-8.421
Z2327235567,COC[C@H]1C[C@@H](c2ncc(-c3ccc4c(c3)COc3cc5c(ccc6nc([C@@H]7CC[C@H](C)N7C(=O)[C@@H](NC(=O)OC)C(C)C)[nH]c65)cc3-4)[nH]2)N(C(=O)[C@H](NC(=O)OC)c2ccccc2)C1,10.0
Z955123660,NCC(=O)O,-3.017
Z104474158,CC(O)C(=O)O,-3.427
Z2574927435,N=C(N)NC(=N)N,-3.907
Z945806150,Cc1ncsc1CCCl,-4.208
Z1255390865,Cc1c(O)c(=O)ccn1C,-4.982
Z1550675464,NCCCC(N)(C(=O)O)C(F)F,-5.249
Z56347209,Cn1cnc2c1c(=O)[nH]c(=O)n2C,-5.879
Z1255485274,CNC[C@H](O)[C@@H](O)[C@H](O)[C@H](O)CO,-5.013
Z57160197,O=C(c1ccccc1)C(O)c1ccccc1,-7.493
Z56762888,c1ccc2c(CC3=NCCN3)cccc2c1,-7.974
Z594284192,Clc1ccc2nsnc2c1NC1=NCCN1,-6.549
Z44591715,CCCCNC(=O)NS(=O)(=O)c1ccc(C)cc1,-7.633
Z1617901125,CC(NC(=Nc1ccncc1)NC#N)C(C)(C)C,-6.722
Z1557407006,CN(C)CCC=C1c2ccccc2COc2ccccc21,-8.724
Z212714982,COc1ccc(C=CC(=O)OCCC(C)C)cc1,-6.463
Z2042042504,Nc1nc(O)c2nc(CNc3ccc(C(=O)N[C@@H](CCC(=O)O)C(=O)O)cc3)cnc2n1,-8.432
Z1541760033,CCc1c2c(nc3ccc(OC(=O)N4CCC(N5CCCCC5)CC4)cc13)-c1cc3c(c(=O)n1C2)COC(=O)[C@]3(O)CC,-7.488
Z1741977003,C[C@@H](NCCCc1cccc(C(F)(F)F)c1)c1cccc2ccccc12,-9.985
Z1530425068,Cc1cn([C@H]2C=C[C@@H](CO)O2)c(=O)[nH]c1=O,-6.974
Z2216907255,Cc1ccc(-c2ncc(Cl)cc2-c2ccc(S(C)(=O)=O)cc2)cn1,-9.091
Z2756516968,CCCCNc1ccc(C(=O)OCCN(C)C)cc1,-6.265
Z291799028,CCCCOC(=O)c1ccc(O)cc1,-5.873
Z1551967349,COC(=O)C1=C(C)NC(C)=C(C(=O)OCCN(C)Cc2ccccc2)C1c1cccc([N+](=O)[O-])c1,-8.607
Z2412194967,CCCCCCCC/C=C\CCCCCCCC(=O)O,-6.232
Z1251172867,COC(=O)[C@H]1[C@H]2C[C@@H]3c4[nH]c5cc(OC)ccc5c4CCN3C[C@H]2C[C@@H](OC(=O)c2cc(OC)c(OC)c(OC)c2)[C@@H]1OC,10.0
Z2235811384,C=C[C@H]1CN2CC[C@H]1C[C@H]2[C@H](O)c1ccnc2ccc(OC)cc12,-8.16
Z2235801839,C[C@]12CCC3=C4CCC(=O)C=C4CC[C@H]3[C@@H]1CC[C@@]2(O)CC#N,-9.207
Z1575099375,CCOc1nc2cccc(C(=O)O)c2n1Cc1ccc(-c2ccccc2-c2nc(=O)o[nH]2)cc1,-9.547
Z2235801899,COc1cc2nccc(Oc3ccc(NC(=O)NC4CC4)c(Cl)c3)c2cc1C(N)=O,-8.476
Z2235801883,CCOc1ccc(Cc2cc([C@@H]3O[C@H](CO)[C@@H](O)[C@H](O)[C@H]3O)ccc2Cl)cc1,-8.657
Z2512157852,COc1cc(N2CCC(N3CCN(C)CC3)CC2)ccc1Nc1ncc(Cl)c(Nc2ccccc2P(C)(C)=O)n1,-5.923
Z385438794,Nc1ccncc1N,-4.075
Z927192062,NNCCc1ccccc1,-5.592
Z1198155438,Cc1cnc(C(=O)O)c[n+]1[O-],-5.064
Z1269145833,NCCCNCCSP(=O)(O)O,-4.401
Z104480436,c1ccc2[nH]c(-c3cscn3)nc2c1,-7.031
Z1449775098,Cc1cccc(C)c1NC(=O)C(C)N,-6.477
Z1198152903,N=C(N)NCCN1CCCCCCC1,-9.361
Z911465460,N=C(N)NCC1COc2ccccc2O1,-6.82
Z2301684895,C[C@@](Cc1ccc(O)c(O)c1)(NN)C(=O)O,-6.29
Z1541759748,CNNCc1ccc(C(=O)NC(C)C)cc1,-6.72
Z1546621741,CN(C)CCN(Cc1ccccc1)c1ccccn1,-7.156
Z802864938,CCN(CC)CCOC(=O)c1ccc(N)cc1Cl,-6.495
Z1151174635,CC(CN1c2ccccc2Sc2ccccc21)N(C)C,-8.283
Z1546621745,CN(C)CCOC(C)(c1ccccc1)c1ccccn1,-6.876
Z1521553983,CNC(=C[N+](=O)[O-])NCCSCc1csc(CN(C)C)n1,-5.456
Z1541662176,CCN(CC)CCCC(C)Nc1ccnc2cc(Cl)ccc12,-7.33
Z31382955,COc1ccc(CCNCC(O)COc2cccc(C)c2)cc1OC,-7.479
Z1541758727,CCCCNc1cc(C(=O)O)cc(S(N)(=O)=O)c1Oc1ccccc1,-7.909
Z1160865418,O=C(O)c1ccccc1-c1c2ccc(=O)cc-2oc2cc(O)ccc12,-8.366
Z2037280951,C[C@H](Nc1ncnc2[nH]cnc12)c1cc2cccc(Cl)c2c(=O)n1-c1ccccc1,-9.44
Z1544404498,CC(C)(Sc1cc(C(C)(C)C)c(O)c(C(C)(C)C)c1)Sc1cc(C(C)(C)C)c(O)c(C(C)(C)C)c1,-7.336
Z1546616196,CC(=O)S[C@@H]1CC2=CC(=O)CC[C@]2(C)[C@H]2CC[C@@]3(C)[C@@H](CC[C@@]34CCC(=O)O4)[C@H]12,-8.711
Z2065671685,CS(=O)(=O)c1ccc([C@@H](O)[C@@H](CF)NC(=O)C(Cl)Cl)cc1,-6.738
Z754931258,CC[C@H](C)C(=O)O[C@H]1C[C@@H](C)C=C2C=C[C@H](C)[C@H](CC[C@@H]3C[C@@H](O)CC(=O)O3)[C@H]21,-8.239
Z1530532754,OCCN1CCN(CCCN2c3ccccc3Sc3ccc(Cl)cc32)CC1,-8.585
Z2194031487,Clc1ccc(C(Cn2ccnc2)OCc2csc3c(Cl)cccc23)c(Cl)c1,-8.546
Z1741976872,N#C[C@@H]1CCCN1C(=O)CN[C@@]12C[C@@H]3C[C@@H](C[C@@](O)(C3)C1)C2,-7.093
Z1741977297,Nc1ncnc2c1ncn2CCOCP(=O)(O)O,-6.151
Z1551967334,CCCc1nc2c(C)cc(-c3nc4ccccc4n3C)cc2n1Cc1ccc(-c2ccccc2C(=O)O)cc1,-9.187
Z1557407143,COc1ccc(CCN(C)CCCC(C#N)(c2ccc(OC)c(OC)c2)C(C)C)cc1OC,-7.515
Z2569867923,O=C1c2c(O)ccc(O)c2C(=O)c2c(NCCNCCO)ccc(NCCNCCO)c21,-8.614
Z2901807455,C[N+]1(CCCCC[N+]2(C)CCCC2)CCCC1,-5.717
Z2235801977,Cc1ccc(S(=O)(=O)NC(=O)NN2CC3CCCC3C2)cc1,-8.064
Z2467077030,Nc1ncn([C@H]2C[C@H](O)[C@@H](CO)O2)c(=O)n1,-6.766
Z2681890654,O=c1[nH]cnc2c1ncn2[C@@H]1O[C@H](CO)[C@@H](O)[C@H]1O,-6.956
Z2417557127,CCCCc1nc(Cl)c(CO)n1Cc1ccc(-c2ccccc2-c2nnn[nH]2)cc1,-8.798
Z1501480424,CC#C[C@]1(O)CC[C@H]2[C@@H]3CCC4=CC(=O)CCC4=C3[C@@H](c3ccc(N(C)C)cc3)C[C@@]21C,-6.594
Z2683233771,Nc1nc(=O)c2c([nH]1)NCC(CNc1ccc(C(=O)N[C@@H](CCC(=O)O)C(=O)O)cc1)N2C=O,-7.711
Z2235802810,COC(=O)/C=C/C(=O)OC,-4.04
Z2568665949,CN(C)CC/C=C1/c2ccccc2COc2ccc(CC(=O)O)cc21,-8.498
Z59181917,CC(=O)NO,-3.737
Z104474576,Oc1cccc(O)c1,-4.956
Z104474594,Oc1cc(O)cc(O)c1,-4.979
Z314598824,Sc1ncnc2[nH]cnc12,-4.655
Z56914861,CC(=O)NCCCCCC(=O)O,-4.714
Z2753379879,COc1ccc(OC)c(C(O)C(C)N)c1,-5.885
Z1741979718,CC(NC(C)(C)C)C(=O)c1cccc(Cl)c1,-6.774
Z57664869,O=C(O)Cc1ccccc1Nc1c(Cl)cccc1Cl,-7.563
Z1590781983,C=C(CC)C(=O)c1ccc(OCC(=O)O)c(Cl)c1Cl,-6.99
Z234896463,Cc1ccccc1C(OCCN(C)C)c1ccccc1,-7.362
Z1501480413,CCCc1nn(C)c2c(=O)nc(-c3cc(S(=O)(=O)N4CCN(C)CC4)ccc3OCC)[nH]c12,-9.625
Z373586944,CCCCCCCCC(=O)NCc1ccc(O)c(OC)c1,-6.789
Z2037280642,Cc1nc(C(=O)NCC(=O)O)c(O)c2ccc(Oc3ccccc3)cc12,-9.087
Z2037281137,CCCCC(F)(F)[C@@]1(O)CC[C@H]2[C@@H](CC(=O)[C@@H]2CCCCCCC(=O)O)O1,-7.778
Z275375166,c1ccc(-c2ccc(C(c3ccccc3)n3ccnc3)cc2)cc1,-10.307
Z1546610485,COc1cc2ncnc(Nc3ccc(F)c(Cl)c3)c2cc1OCCCN1CCOCC1,-8.58
Z2235801945,Cc1ccc(O)c([C@H](CCN(C(C)C)C(C)C)c2ccccc2)c1,-8.192
Z2241982440,NC(=O)[C@@H]1CSSCCC(=O)N[C@@H](CCCCN=C(N)N)C(=O)NCC(=O)N[C@@H](CC(=O)O)C(=O)N[C@@H](Cc2c[nH]c3ccccc23)C(=O)N2CCC[C@H]2C(=O)N1,10.0
Z351640822,CCOc1ccc2nc(SCCN3CCOCC3)[nH]c2c1,-7.163
Z2106590248,CN(Cc1cc(Br)cc(Br)c1N)C1CCCCC1,-7.772
Z1172235745,C[C@H](CCC(=O)O)[C@H]1CC[C@H]2[C@@H]3[C@H](O)C[C@@H]4C[C@H](O)CC[C@]4(C)[C@H]3CC[C@]12C,-9.408
Z2216885221,COc1cc(Nc2c(C#N)cnc3cc(OCCCN4CCN(C)CC4)c(OC)cc23)c(Cl)cc1Cl,-7.792
Z1302446275,C=CC(=O)N1CCC[C@@H](n2nc(-c3ccc(Oc4ccccc4)cc3)c3c(N)ncnc32)C1,-9.695
Z1590783391,C[C@@H]1CN(c2c(F)c(N)c3c(=O)c(C(=O)O)cn(C4CC4)c3c2F)C[C@H](C)N1,-9.872
Z3219847383,O=C/C=C/c1ccccc1,-5.371
Z57902203,O=C(Nc1ccc([N+](=O)[O-])cc1Cl)c1cc(Cl)ccc1O,-8.283
Z1557399790,COc1cccc2c1C(=O)c1c(O)c3c(c(O)c1C2=O)C[C@@](O)(C(=O)CO)C[C@@H]3O[C@H]1C[C@H](N)[C@H](O)[C@H](C)O1,-7.248
Z2681892022,CC(=O)N(c1onc(C)c1C)S(=O)(=O)c1ccc(N)cc1,-7.466
Z2235801903,Clc1ccc2c(c1)CCc1cccnc1C2=C1CCNCC1,-15.67
Z1980444597,Nc1nc(CC(=O)Nc2ccc(CCNC[C@H](O)c3ccccc3)cc2)cs1,-7.974
Z2235802217,CN(C)[C@@H]1C(O)=C(C(N)=O)C(=O)[C@@]2(O)C(O)=C3C(=O)c4c(O)ccc(Cl)c4[C@@H](O)[C@H]3C[C@@H]12,-8.075
Z2587996977,CCN1CCN(C(=O)N[C@@H](C(=O)N[C@@H]2C(=O)N3[C@@H]2SC(C)(C)[C@@H]3C(=O)O)c2ccccc2)C(=O)C1=O,-9.016
Z1696860003,O=C(NC1CCN(CCCCC2(C(=O)NCC(F)(F)F)c3ccccc3-c3ccccc32)CC1)c1ccccc1-c1ccc(C(F)(F)F)cc1,10.0
Z1070067572,N[C@H](CO)C(=O)O,-3.39
Z104473434,Oc1ccc(Cl)cc1,-4.799
Z1154378309,O=C1CC[C@@H](C(=O)O)N1,-4.407
Z57931208,C[n+]1ccccc1C=NO,-4.942
Z2289761610,CN(C)N=Nc1[nH]cnc1C(N)=O,-5.264
Z56922155,O=[N+]([O-])c1ccc(O)c2ncccc12,-6.519
Z1695709473,CC(C)Cc1ccc(C(C)C(=O)O)cc1,-6.913
Z1509558249,CCOc1ccccc1OCC(O)CO,-5.897
Z1741975591,CC1=C(C(=O)Nc2ccccc2)SCCO1,-6.937
Z800191876,CCC1(c2ccc(N)cc2)CCC(=O)NC1=O,-7.462
Z1365432828,CCCCCCCCCCCCOS(=O)(=O)O,-5.475
Z1515385074,Nc1cccc2c1CN(C1CCC(=O)NC1=O)C2=O,-8.566
Z56797275,O=C(O)c1ccccc1Nc1cccc(C(F)(F)F)c1,-8.146
Z1137008901,O=C(O)c1nn(Cc2ccc(Cl)cc2Cl)c2ccccc12,-8.474
Z235354561,OC(Cn1cncn1)(Cn1cncn1)c1ccc(F)cc1F,-7.205
Z56784896,COc1ccc2c(c1)c(CC(=O)O)c(C)n2C(=O)c1ccc(Cl)cc1,-9.443
Z1501480428,Cc1nc2n(c(=O)c1CCN1CCC(c3noc4cc(F)ccc34)CC1)CCCC2,-10.033
Z1530532762,COc1ccccc1Oc1c(NS(=O)(=O)c2ccc(C(C)(C)C)cc2)nc(-c2ncccn2)nc1OCCO,10.0
Z1552200029,C[C@H]1O[C@@H](O[C@H]2[C@@H](O)C[C@H](O[C@H]3[C@@H](O)C[C@H](O[C@H]4CC[C@@]5(C)[C@H](CC[C@@H]6[C@@H]5CC[C@]5(C)[C@@H](C7=CC(=O)OC7)CC[C@]65O)C4)O[C@@H]3C)O[C@@H]2C)C[C@H](O)[C@@H]1O,10.0
Z1583387379,C[C@@H]1O[C@@H]1P(=O)(O)O,-3.728
Z1954806455,C[C@H](CCC(=O)O)[C@H]1CC[C@H]2[C@@H]3[C@H](O)C[C@@H]4C[C@H](O)CC[C@]4(C)[C@H]3C[C@H](O)[C@]12C,-8.705
Z1521553845,CCOC(=O)N1CCC(=C2c3ccc(Cl)cc3CCc3cccnc32)CC1,-14.233
Z3069281092,CSc1nc2cc(Cl)c(Oc3cccc(Cl)c3Cl)cc2[nH]1,-8.39
Z2216885372,CNC(=O)c1ccccc1Sc1ccc2c(C=Cc3ccccn3)n[nH]c2c1,-8.773
Z2235802006,CN1[C@@H]2CC[C@H]1C[C@@H](OC(c1ccccc1)c1ccccc1)C2,-9.098
Z1494829512,O=c1ccc2cc(O[C@@H]3O[C@H](CO)[C@@H](O)[C@H](O)[C@H]3O)c(O)cc2o1,-8.366
Z1603854590,CC1(C)S[C@@H]2[C@H](NC(=O)[C@H](N)c3ccccc3)C(=O)N2[C@H]1C(=O)O,-8.031
Z1515383338,CCOc1nc2cccc(C(=O)OC(C)OC(=O)OC3CCCCC3)c2n1Cc1ccc(-c2ccccc2-c2nnn[nH]2)cc1,10.0
Z2235802070,COc1ccc(CNc2nc(N3CCC[C@H]3CO)ncc2C(=O)NCc2ncccn2)cc1Cl,-8.608
Z2235802079,OC[C@H]1O[C@@H](c2ccc(Cl)c(Cc3ccc(O[C@H]4CCOC4)cc3)c2)[C@H](O)[C@@H](O)[C@@H]1O,-8.586
Z2588038967,C[C@]12CC[C@@H]3c4ccc(O)cc4C[C@@H](CCCCCCCCC[S+]([O-])CCCC(F)(F)C(F)(F)F)C3[C@@H]1CC[C@@H]2O,10.0
Z104474494,NCCS,-2.581
Z57127471,Nc1ccc(O)c(C(=O)O)c1,-5.474
Z256708526,O=C1NS(=O)(=O)c2ccccc21,-6.463
Z2237335016,Cc1cccc(C)c1OCC(C)N,-6.004
Z164707762,Nc1nc2ccc(OC(F)(F)F)cc2s1,-6.553
Z1508915075,C[C@](N)(Cc1ccc(O)c(O)c1)C(=O)O,-6.016
Z1541638524,Nc1cc(N2CCCCC2)nc(N)[n+]1[O-],-6.833
Z56886396,CC(=O)Nc1c(I)c(NC(C)=O)c(I)c(C(=O)O)c1I,-6.125
Z1592690521,CN(C)CCCN1c2ccccc2Sc2ccccc21,-7.798
Z2037279542,CC1(C)CCC(CN2CCN(c3ccc(C(=O)NS(=O)(=O)c4ccc(NCC5CCOCC5)c([N+](=O)[O-])c4)c(Oc4cnc5[nH]ccc5c4)c3)CC2)=C(c2ccc(Cl)cc2)C1,10.0
Z56896159,CCOc1ccc(CC2=NCCc3cc(OCC)c(OCC)cc32)cc1OCC,-7.504
Z1544404024,CC[N+](C)(CC)CCOC(=O)C(O)(c1ccccc1)C1CCCCC1,-7.032
Z756424446,CC1(C)S[C@@H]2[C@H](NC(=O)Cc3ccccc3)C(=O)N2[C@H]1C(=O)O,-8.377
Z1563146038,CC1(C)[C@H](C(=O)O)N2C(=O)C[C@H]2S1(=O)=O,-5.349
Z1541759903,C[C@]12CC[C@H]3[C@@H](CC[C@@]45O[C@@H]4C(O)=C(C#N)C[C@]35C)[C@@H]1CC[C@@H]2O,-9.322
Z1416203075,C[C@H](CCC(=O)O)[C@H]1CC[C@H]2[C@@H]3CC[C@@H]4C[C@H](O)CC[C@]4(C)[C@H]3C[C@H](O)[C@]12C,-7.928
Z1509637175,Nc1ccn([C@@H]2CS[C@H](CO)O2)c(=O)n1,-6.228
Z2216887941,Nc1ncnc2c1ncn2[C@@H]1O[C@H](COP(=O)(O)O)[C@@H](O)[C@H]1O,-7.485
Z1255486556,O=C1O[C@H]([C@@H](O)CO)C(O)=C1O,-5.052
Z2520891696,Clc1ccc(C(Cn2ccnc2)OCc2ccsc2Cl)c(Cl)c1,-7.889
Z2681891483,CC(=O)Oc1c(C)c(C)c2c(c1C)CC[C@@](C)(CCC[C@H](C)CCC[C@H](C)CCCC(C)C)O2,-7.93
Z1575277625,NS(=O)(=O)c1cc2c(cc1C(F)(F)F)NC(Cc1ccccc1)NS2(=O)=O,-9.355
Z2235801995,Cc1ccc([C@@H]2O[C@H](CO)[C@@H](O)[C@H](O)[C@H]2O)cc1Cc1ccc(-c2ccc(F)cc2)s1,-9.886
Z2568665260,CO[C@H]1C[C@@H]2CC[C@@H](C)[C@@](O)(O2)C(=O)C(=O)N2CCCC[C@H]2C(=O)O[C@H]([C@H](C)C[C@@H]2CC[C@@H](O)[C@H](OC)C2)CC(=O)[C@H](C)/C=C(\C)[C@@H](O)[C@@H](OC)C(=O)[C@H](C)C[C@H](C)/C=C/C=C/C=C/1C,10.0
Z2583384655,C[C@H](/C=C/[C@H](C)C(C)(C)O)[C@H]1CC[C@H]2/C(=C/C=C3C[C@@H](O)C[C@H](O)C3)CCC[C@]12C,-9.823
Z2831495606,CC[C@@H]1CN(C(=O)NCC(F)(F)F)C[C@@H]1c1cnc2cnc3[nH]ccc3n12,-8.286
Z4168286686,Cc1cn2nc(-c3cc(=O)n4cc(N5CCNC6(CC6)C5)ccc4n3)cc(C)c2n1,-10.807
Z1267773750,NCCc1c[nH]cn1,-4.152
Z1255383207,Nc1nc(N)nc(NC2CC2)n1,-5.441
Z1172235461,Cc1ccc(S(=O)(=O)NCl)cc1,-6.251
Z104479700,C=CCCCCCCCCC(=O)O,-5.152
Z104508106,O=c1[nH]c(=O)n(C2CCCO2)cc1F,-6.356
Z57161790,Cn1c(=O)c2[nH]c(Br)nc2n(C)c1=O,-6.398
Z56790573,Nc1c2c(nc3ccccc13)CCCC2,-8.209
Z1695906783,c1ccc2c(c1)CCCC2C1=NCCN1,-7.736
Z1501480412,Cc1[nH]c(=O)c(C#N)cc1-c1ccncc1,-7.086
Z104492884,Nc1ccc(S(=O)(=O)Nc2ccccn2)cc1,-7.546
Z1532717444,NC(=O)c1cn(Cc2c(F)cccc2F)nn1,-6.927
Z1521553718,CCCCCN(C)CCC(O)(P(=O)(O)O)P(=O)(O)O,-5.579
Z2239078678,CN(C)CCOC(c1ccccc1)c1ccccc1,-6.834
Z1551967555,NC(=O)N1c2ccccc2CC(=O)c2ccccc21,-13.331
Z1521553720,C[C@@H](c1ncncc1F)[C@](O)(Cn1cncn1)c1ccc(F)cc1F,-8.233
Z1515383340,Nc1ncn([C@@H]2O[C@H](CO)[C@@H](O)[C@H]2O)c(=O)n1,-6.158
Z2588040168,Cc1c(C(=O)Nc2ccc(N3C[C@@H](C)O[C@@H](C)C3)nc2)cccc1-c1ccc(OC(F)(F)F)cc1,-8.064
Z2588038959,Cc1nc2c([nH]1)CCN(C(=O)c1ccc(NC(=O)c3ccccc3-c3ccccc3)cc1)c1ccccc1-2,-14.615
Z1541759896,COC(=O)[C@H](c1ccccc1Cl)N1CCc2sccc2C1,-7.903
Z2568726960,COCCCOc1cc(C[C@@H](C[C@H](N)[C@@H](O)C[C@H](C(=O)NCC(C)(C)C(N)=O)C(C)C)C(C)C)ccc1OC,10.0
Z1546616192,NC(=O)C(c1ccccc1)(c1ccccc1)[C@@H]1CCN(CCc2ccc3c(c2)CCO3)C1,-10.21
Z1431321925,COc1cc2c(c(OC)c1OC)-c1ccc(OC)c(=O)cc1C(NC(C)=O)CC2,-13.898
Z754931264,Cc1cn([C@H]2C[C@H](N=[N+]=[N-])[C@@H](CO)O2)c(=O)[nH]c1=O,-7.656
Z1741968261,N#Cc1ccc(C(c2ccc(C#N)cc2)n2cncn2)cc1,-7.73
Z1880962282,CC1=C(C(=O)O)N2C(=O)[C@@H](NC(=O)[C@H](N)c3ccccc3)[C@H]2SC1,-8.495
Z1521554012,O=C(O)c1cc(N=Nc2ccc(S(=O)(=O)Nc3ccccn3)cc2)ccc1O,-8.302
Z2588038960,CN1[C@@H]2CCC[C@H]1C[C@@H](NC(=O)c1nn(C)c3ccccc13)C2,-8.519
Z1546610480,Cc1ccccc1C(=O)Nc1ccc(C(=O)N2CCCC(O)c3cc(Cl)ccc32)c(C)c1,-13.879
Z2289798874,O=C(NC(Cc1cc(=O)[nH]c2ccccc12)C(=O)O)c1ccc(Cl)cc1,-9.004
Z2939838603,CN1C[C@H](C(=O)N[C@]2(C)O[C@@]3(O)[C@@H]4CCCN4C(=O)[C@H](Cc4ccccc4)N3C2=O)C[C@@H]2c3cccc4[nH]cc(c34)C[C@H]21,-8.818
Z1546610486,Cc1nc(Nc2ncc(C(=O)Nc3c(C)cccc3Cl)s2)cc(N2CCN(CCO)CC2)n1,-8.058
Z1546616202,CC(C)(C)C(=O)OCOP(=O)(COCCn1cnc2c(N)ncnc21)OCOC(=O)C(C)(C)C,10.0
Z3041534037,C[C@@H](c1nc(-c2ccc(C#N)cc2)cs1)[C@](O)(Cn1cncn1)c1cc(F)ccc1F,-9.174
Z2527624834,CC/C(=C(\c1ccccc1)c1ccc(OCCN(C)C)cc1)c1ccccc1,-8.64
Z3675381442,Cc1nn(C)cc1S(=O)(=O)NC(=O)c1ccc(-n2ccc(OCC(C)(C)C(F)(F)F)n2)nc1N1C[C@@H](C)CC1(C)C,10.0
Z57127453,O=C(O)CCC(=O)O,-3.943
Z57127440,CSCCC(N)C(=O)O,-3.798
Z56755709,O=C(O)c1cccnc1,-4.634
Z1198279578,OB1OCc2cc(F)ccc21,10.0
Z1255379534,NC(=O)CN1C[C@H](O)CC1=O,-4.711
Z104474430,CC(=O)Oc1ccccc1C(=O)O,-5.564
Z56836691,CCNCC(O)c1cccc(O)c1,-6.166
Z57202572,CC(=O)NS(=O)(=O)c1ccc(N)cc1,-6.289
Z31723661,CCN(CC)C(=O)c1cccc(C)c1,-6.231
Z666296432,CC(C)NCC(O)c1ccccc1Cl,-6.428
Z743362616,CCCCOCCOC(=O)c1cccnc1,-5.527
Z335430322,Cc1[nH]oc(=NS(=O)(=O)c2ccc(N)cc2)c1C,-7.888
Z381079728,Clc1ccc(C(c2ccccc2Cl)C(Cl)Cl)cc1,-7.466
Z732242712,Cc1ccc(Cl)c(Nc2ccccc2C(=O)O)c1Cl,-7.712
Z2311928354,CN(C)CCC(c1ccc(Cl)cc1)c1ccccn1,-7.364
Z1262254191,CCCCC(CC)COC(=O)c1ccc(N(C)C)cc1,-7.168
Z104475612,CN1C2CCC1CC(OC(=O)C(CO)c1ccccc1)C2,-7.921
Z1552195936,CC(=O)c1ccc(S(=O)(=O)NC(=O)NC2CCCCC2)cc1,-7.956
Z239864852,CCOC(=O)C1=C(C)NC(C)=C(C(=O)OC)C1c1cccc(Cl)c1Cl,-7.16
Z1741968270,CCc1ccc(CCOc2ccc(CC3SC(=O)NC3=O)cc2)nc1,-8.376
Z90350374,COC(=O)C1=C(C)NC(C)=C(C(=O)OC)C1c1ccccc1[N+](=O)[O-],-6.923
Z1551967075,N[C@@H](Cc1cc(I)c(Oc2cc(I)c(O)c(I)c2)c(I)c1)C(=O)O,-6.761
Z1269163651,OCCN1C[C@H](O)[C@@H](O)[C@H](O)[C@H]1CO,-5.262
Z1541759904,CCCc1nc(C(C)(C)O)c(C(=O)OCc2oc(=O)oc2C)n1Cc1ccc(-c2ccccc2-c2nnn[nH]2)cc1,10.0
Z2756516844,Cc1nnc(SCC2=C(C(=O)O)N3C(=O)[C@@H](NC(=O)Cn4cnnn4)[C@H]3SC2)s1,-7.858
Z2216900850,CN1Cc2c(N)cccc2C(c2ccccc2)C1,-8.732
Z1558483766,CC[C@H]1OC(=O)[C@H](C)[C@@H](O[C@H]2C[C@@](C)(OC)[C@@H](O)[C@H](C)O2)[C@H](C)[C@@H](O[C@@H]2O[C@H](C)C[C@H](N(C)C)[C@H]2O)[C@](C)(O)C[C@@H](C)CN(C)[C@H](C)[C@@H](O)[C@]1(C)O,10.0
Z1557407327,O=C1C(CC[S+]([O-])c2ccccc2)C(=O)N(c2ccccc2)N1c1ccccc1,-8.997
Z1515381509,CCOC(=O)[C@H](CCc1ccccc1)N[C@@H](C)C(=O)N1[C@H](C(=O)O)C[C@@H]2CCC[C@@H]21,-8.028
Z1741977105,COc1cc2c(cc1OC)C(=O)C(CC1CCN(Cc3ccccc3)CC1)C2,-9.499
Z1530532760,C[C@H]1C[C@H]2[C@@H]3CCC4=CC(=O)C=C[C@]4(C)[C@H]3C(=O)C[C@]2(C)[C@@]1(O)C(=O)CO,-8.833
Z1575081877,Cc1cnc(C(=O)NCCc2ccc(S(=O)(=O)NC(=O)NC3CCCCC3)cc2)cn1,-8.394
Z1824014879,CNC[C@@H]1CC[C@@H](N)C(OC2[C@@H](N)C[C@@H](N)[C@H](O[C@H]3OC[C@](C)(O)[C@H](NC)[C@H]3O)[C@H]2O)O1,-7.462
Z2242135673,CC(C)N(CCCCOCC(=O)NS(C)(=O)=O)c1cnc(-c2ccccc2)c(-c2ccccc2)n1,-8.434
Z1592690523,O=C(CCCN1CC=C(n2c(=O)[nH]c3ccccc32)CC1)c1ccc(F)cc1,-9.139
Z1501485359,CC[C@@]1(O)C(=O)OCc2c1cc1n(c2=O)Cc2cc3c(CN(C)C)c(O)ccc3nc2-1,-10.208
Z1546621749,C#Cc1cccc(Nc2ncnc3cc(OCCOC)c(OCCOC)cc23)c1,-7.769
Z2235802138,CC(C)OC(=O)[C@H](C)N[P@](=O)(OC[C@H]1O[C@@H](n2ccc(=O)[nH]c2=O)[C@](C)(F)[C@@H]1O)Oc1ccccc1,-7.7
Z2312273468,COc1cc(C)c(/C=C/C(C)=C/C=C/C(C)=C/C(=O)O)c(C)c1C,-9.985
