Znumber,smiles,vina_score,unidock_score_detail
Z908095506,Cc1cc(NC(=O)c2cc(-c3cccs3)on2)n(CCC#N)n1,-7.304,-7.004
Z19513456,CCOc1ccc(-n2c(SCC(=O)N3CCCC3=O)nnc2-c2c[nH]c3ccccc23)cc1,-9.25,-8.878
Z51737757,O=C(CCn1[nH]c(=O)ccc1=O)Nc1ccc(-n2cnnn2)cc1,-8.568,-8.185
Z19513253,CCOc1ccc(-n2c(SCC(=O)c3c[nH]c4ccccc34)nnc2-c2c[nH]c3ccccc23)cc1,-10.104,-9.773
Z16254213,Cc1cc(C(=O)CSc2nnc(-c3ccc4c(c3)OCO4)n2-c2ccccc2)c(C)n1C,-10.135,-9.66
Z28296849,Cc1nc2ccc(NC(=O)c3cc4ccccc4oc3=O)cc2s1,-10.411,-9.478
Z56816068,Cc1cc(C)nc(SCc2ccc(-c3[nH]nc(-c4ccccc4)c3-c3nc4ccccc4[nH]3)cc2)n1,-9.741,-9.736
Z18519048,Cn1nnnc1SCC(=O)c1c(-c2ccccc2)[nH]c2ccccc12,-9.295,-9.229
Z73364722,CC(=O)NCc1ccc(-c2csc(NC(=O)c3nc(-c4ccccc4)oc3C)n2)s1,-8.993,-7.867
Z235467022,NC(=S)c1cc(C(=O)c2ccccc2O)cn2c1nc1ccccc12,-10.267,-10.223
Z56870429,O=S(=O)(c1cccc(-c2[nH]nc(-c3ccccc3)c2-c2nc3ccccc3[nH]2)c1)N1CCCC1,-10.288,-9.955
Z73300898,O=C(Nc1nc(-c2ccccn2)cs1)c1ccc(NC(=O)c2cccs2)cc1,-9.039,-8.039
Z25766910,CC(O)CNc1nc2ccccc2n1CC(=O)NCc1cccs1,-7.626,-7.645
Z410927360,O=C(Nc1nnc(-c2ccco2)o1)c1nc(-c2ccccc2)n2c1CCCCC2,-13.321,-78.594
Z1229984790,O=C(Nc1cc(C2CCCC2)[nH]n1)c1ccc(Cn2ccnc2)cc1,-8.59,-8.172
Z296244664,O=C(Nc1nc(-c2ccc[nH]2)cs1)c1csc(-c2ccco2)n1,-7.799,-7.54
Z56793398,Cc1cccc(C)c1OCc1nc2c3c(-c4ccccc4)c(-c4ccccc4)oc3ncn2n1,-11.255,-10.704
Z1039455578,Cc1oc(-c2ccsc2)nc1CC(=O)Nc1cc(C(N)=O)n(C)c1,-7.964,-7.625
Z99004386,COc1ccccc1NC(=O)c1ccc(NC(=O)COc2ccc(-c3nc(C)cs3)cc2)cc1,-9.614,-6.294
Z826713980,Cc1cc(NC(=O)c2cc3c(F)cccc3s2)n(CCC#N)n1,-8.003,-7.913
Z927972178,COc1ccccc1-c1cc(NC(=O)c2ccc(Cn3cncn3)cc2)[nH]n1,-9.104,-8.834
Z839968520,CCc1c(C(=O)CN2CCCC2c2ccsc2)[nH]c(C)c1C(C)=O,-8.079,-8.049
Z99468124,O=C(Cc1csc(-c2ccsc2)n1)Nc1ccc2nc(N3CCOCC3)sc2c1,-8.438,-7.434
Z332936670,COc1ccc(-c2nnc(NC(=O)c3ccc(NC(=O)c4ccccc4)cc3)[nH]2)cc1,-9.471,-8.865
Z290228874,CC(c1ccccc1)N1C(=O)C(=O)N(CC(=O)c2cccn2C)C1=O,-8.051,-8.285
Z647588818,O=C(NCc1cccnc1-n1cccn1)c1ccc(NC(=O)c2ccccn2)cc1,-8.549,-8.574
Z839413590,CC(=O)Nc1ccc(C=CC(=O)c2ccccc2-n2cccn2)cc1,-9.559,-8.103
Z287022862,O=C(Cc1csc(-c2ccco2)n1)Nc1ccc2nc(N3CCOCC3)sc2c1,-8.615,-7.767
Z432289626,c1ccc(Cn2cccn2)c(CNc2cncc(-n3cccn3)n2)c1,-8.621,-8.083
Z217430364,CC(C)n1ncc2cc(C(=O)Nc3ccc4[nH]c(=O)[nH]c4c3)cnc21,-9.092,-8.944
Z1798299891,Cc1nccn1-c1cncc(NCc2cc(-c3ccccc3)on2)n1,-8.873,-8.371
Z1129155203,O=C(CCN1CCCC1=O)Nc1ccc(Oc2ccc(F)cc2)cn1,-8.45,-8.253
Z167254296,O=C(NCCCN1CCCCC1)c1cc(-c2ccccc2)nc2c1cnn2Cc1ccncc1,-8.786,-9.087
Z425236088,O=C(Nc1nc2c(s1)CCCCC2)c1ccc(NC(=O)c2ccccn2)cc1,-12.187,-78.238
Z17093922,Cc1cc(NC(=O)COC(=O)c2ccc3[nH]c(C)c(C)c3c2)no1,-8.929,-8.309
Z19511505,O=C(CSc1nnc(-c2c[nH]c3ccccc23)n1-c1ccc(Cl)cc1)N1CCNC1=O,-9.141,-8.872
Z826713438,Cc1cc(NC(=O)c2ccn(-c3ccccc3)n2)n(CCC#N)n1,-7.81,-7.887
Z204342388,O=C(Nc1cc(-c2cccc([N+](=O)[O-])c2)sc1C(=O)O)c1ccc2c(c1)CCC2,-10.127,-9.388
Z85929771,O=C(COC(=O)c1ccco1)Nc1nc2ccc([N+](=O)[O-])cc2s1,-7.546,-7.204
Z443982930,O=C(Nc1nc2ccc(S(=O)(=O)N3CCCC3)cc2s1)c1cc(-c2cccnc2)on1,-8.963,-7.263
Z17289317,COc1ccccc1NC(=O)c1ccc(NC(=O)COc2ccc(C3SCCS3)cc2)cc1,-8.646,-7.158
Z18650720,O=C(CSc1nnc(-c2ccco2)o1)Nc1ccc2c(c1)CCC2,-8.055,-8.612
Z317663344,O=C(Nc1nc2c(s1)CN(Cc1ccccc1)CC2)c1cc(-c2ccco2)[nH]n1,-9.299,-8.539
Z737550454,CC=CC=CC(=O)NCc1cccc(C(=O)NCc2ccco2)c1,-7.702,-7.277
Z228153102,O=C(NCCc1nc2ccccc2[nH]1)c1cc(-c2ccccc2)nc2c1cnn2Cc1ccco1,-10.238,-8.912
Z98941608,Cc1nnc(SCC(=O)c2cc3cc(Cl)ccc3o2)n1C1CC1,-8.588,-7.82
Z29249972,CCN(CC)CCn1c(NC(=O)c2cc3c(C)nn(-c4ccc(Cl)cc4)c3s2)nc2ccccc21,-9.233,-6.835
Z328656306,CCCN(CC1COc2ccccc2O1)c1ncnc2c1cnn2C,-8.482,-8.565
Z641940000,CCCn1c(NC(=O)c2ccc3c(c2)S(=O)(=O)N(C(C)C)C3=O)nc2ccccc21,-9.854,-9.457
Z1404550995,CN(C)c1nc2ccc(NC(=O)c3csc(-c4ccoc4)n3)cc2o1,-8.407,-8.304
Z1082320758,Cc1cccc(-c2nc(C(C)C)no2)c1NC(=O)CCc1ccccc1,-9.165,-8.921
Z108907460,O=C(Nc1nc2c(s1)CN(Cc1ccccc1)CC2)c1csc(-c2ccsc2)n1,-9.35,-7.955
Z242175442,O=C(NCc1ccccn1)c1cc(-c2cccnc2)nc2c1cnn2Cc1ccco1,-9.509,-9.349
Z558380580,Cc1ncc2c(n1)CCN(C(=O)NCc1cc(-c3ccccc3)no1)C2,-9.131,-8.473
Z425227654,Cc1ccc(NC(=O)c2ccc(N3CC(=O)C(c4nc5ccccc5s4)=C3N)cc2)c(O)c1,-10.366,-6.134
Z424802904,Cc1n[nH]c(C)c1C=CC(=O)c1ccc(N2CCCC2=O)cc1,-8.991,-8.811
Z18647134,Cc1cc(C)c(C(=O)CSc2nnc(-c3c[nH]c4ccccc34)n2CC2CCCO2)c(C)c1,-9.969,-9.655
Z70909650,CCCOc1ccc(OCC(=O)Nc2ccc3oc(C)nc3c2)cc1,-8.083,-7.045
Z412775872,O=C(NCc1cccc(C(F)(F)F)c1)Nc1ccc(NC(=O)c2ccco2)cc1,-9.032,-8.393
Z320075170,CC(=O)N1CCc2cc(NC3CC(=O)N(C4CC4)C3=O)ccc21,-8.215,-7.945
Z56919929,Cc1[nH]n(-c2ccccc2)c(=O)c1C(=NNC(=O)c1cc(-c2ccccc2)n[nH]1)c1ccccc1,-13.319,-8.52
Z954394146,Cc1noc(C(C)NC(=O)C2CSCN2C(=O)c2ccccc2)n1,-8.501,-7.873
Z193999678,Cc1cc(COC(=O)c2cc(-c3ccccc3)nc3c2cnn3Cc2cccc(F)c2)no1,-10.875,-8.866
Z485637938,Cc1cc(CN(C)C(=O)NCc2ccc(N3CCCC3=O)cc2)no1,-7.84,-7.676
Z18519758,CC(Sc1nnnn1C)C(=O)Nc1ccc2c(c1)OCO2,-7.392,-7.264
Z204341820,O=C(C=Cc1ccco1)Nc1cc(-c2cccc([N+](=O)[O-])c2)sc1C(=O)O,-8.799,-8.593
Z164951688,Cc1nc(-c2ccc(CNC(=O)Cc3cccc(F)c3)o2)cs1,-8.181,-7.869
Z19829052,COc1ccccc1NC(=O)c1ccc(NC(=O)COc2ccc(-c3ccccc3)cc2)cc1,-9.252,-8.293
Z30046778,Cc1cccc(Oc2ccccc2NC(=O)c2ccc(O)nc2)c1,-9.112,-8.185
Z108748406,O=C(NCC1CCCCC1)c1cc(-c2ccccc2)nc2c1cnn2Cc1ccncc1,-10.436,-9.077
Z295883036,CCOC(=O)c1cc(-c2ccccc2)nc2[nH]c(=O)c3ccccc3c12,-9.897,-9.849
Z111781008,COc1ccccc1C(=O)Nc1ccc(Nc2nc(-c3ccccc3)c3cc(C)ccc3n2)cc1,-10.342,-9.042
Z365246124,Cc1cc(C(=O)Nc2ccc3c(c2)CCC3)ccc1-n1cnnn1,-9.238,-9.061
Z245503032,O=C(Nc1nc2cc(C(F)(F)F)ccc2n1Cc1ccco1)c1ccc2[nH]nnc2c1,-9.165,-9.265
Z1038829842,NC(=O)N1CCC(C(=O)N2CCCC2CC2CC3CCC2C3)CC1,-8.817,-8.423
Z73973253,CC(C)(C)C(=O)NCc1ccc(C(=O)COC(=O)c2cc3c(s2)CCC3)s1,-7.92,-7.093
Z1103241348,Cn1cc(C2CCCN2CC(=O)N2CCC(c3ccccc3)=N2)cn1,-8.72,-8.599
Z239539964,Cc1nn(C)c2ncc(NC(=O)c3cc(-c4ccco4)nc4onc(C)c34)cc12,-9.675,-9.078
Z1000171966,Cc1nc(NC(=O)c2cccc(NC(N)=O)c2)sc1SCC#N,-7.304,-7.187
Z18672879,CCOc1ccc(-n2c(SCC(=O)c3ccc[nH]3)nnc2-c2ccccc2Cl)cc1,-9.495,-8.204
Z1203241726,COC1CN(C(=O)c2cn(-c3ccccc3)nc2-c2cccnc2)C1,-8.216,-7.954
Z128086498,CC(Nc1ccc([N+](=O)[O-])cc1[N+](=O)[O-])c1nnc2ccccn12,-8.506,-8.54
Z229235170,O=C(NCCC(=O)N1CCCC1)c1cc(-c2ccccc2)nc2c1cnn2Cc1ccco1,-9.568,-8.464
Z1037939812,Cc1ccc(C(=O)Nc2cc(C(=O)N3CCCCC3)ccc2Cl)o1,-8.697,-8.15
Z1227522997,COc1ccccc1NC(=O)C1=C(C)N=C2N=C(SCc3ccccc3)NN2C1c1ccncc1,-8.689,-8.156
Z18885559,NC(=O)COC(=O)c1cccnc1Nc1cccc(C(F)(F)F)c1,-8.052,-7.669
Z234860216,O=C(NCc1ccco1)c1cc(-c2cccnc2)nc2c1cnn2Cc1ccccc1Cl,-10.336,-9.53
Z94572736,O=C1COc2ccc(C(=O)C=Cc3ccc(OC(F)F)cc3)cc2N1,-8.565,-8.358
Z227429876,CCCn1c(CSc2ncn(-c3ccccc3)n2)nc2cc(S(=O)(=O)N(C)C)ccc21,-9.837,-7.707
Z91879174,Cc1ccc(C(NC(=O)CSc2nnc[nH]2)c2cccs2)cc1,-8.02,-7.481
Z968524204,CCOC(=O)Cn1ccc2cc(NC(=O)c3sc(-c4ccccc4)nc3C)ccc21,-8.717,-7.477
Z86212654,CC(NC(=O)Nc1ccc(F)cc1F)c1ccc(-n2cncn2)cc1,-8.731,-8.408
Z254387106,Cc1ccc(C(CNC(=O)c2cc(Cl)c[nH]2)N2CCOCC2)o1,-7.705,-7.742
Z16427126,O=C(CSc1nnc(-c2ccccc2F)n1CCc1ccccc1)c1ccc[nH]1,-9.892,-8.843
Z987964770,O=C(Nc1cccc(OCCn2cccn2)c1)NC1CCSCC1,-7.544,-7.219
Z25181441,COc1ccccc1NC(=O)c1ccc(NC(=O)COc2ccc(-n3cnnn3)cc2)cc1,-9.16,-7.828
Z118811128,O=C(Nc1ccc2[nH]c(=O)[nH]c2c1)c1occc1-c1ccccc1,-9.479,-8.695
Z19871234,COc1ccc(-n2c(SCC(=O)N3CCCCCC3)nnc2-c2ccc(Cl)cc2)cc1,-12.106,-41.191
Z119820616,Cc1[nH]c(=O)c(C#N)c(C)c1CCC(=O)Nc1nnc(C(C)C)s1,-8.113,-7.802
Z204342158,O=C(C=Cc1cccs1)Nc1cc(-c2cccc([N+](=O)[O-])c2)sc1C(=O)O,-8.802,-8.253
Z79434439,Cc1cc(C=CC(=O)N2CCOCC2)c(C)n1-c1ccnn1C(C)C,-8.202,-7.582
Z51170832,O=C(OCc1nc(-c2cccs2)no1)c1ccc2ccccc2n1,-8.37,-8.564
Z1139562831,Cn1cc(CNC2CCc3ncnn3C2)c(-c2ccncc2)n1,-8.871,-8.532
Z16254229,O=C(CSc1nnc(-c2ccc3c(c2)OCO3)n1-c1ccccc1)c1ccc[nH]1,-9.198,-8.416
Z369933958,O=C(NCc1ccccc1)Nc1ccc2oc(C3CC3)nc2c1,-8.319,-7.923
Z24578166,CC(C)(C)c1ccc(OCc2nnc(SCC(=O)N3CCC(c4ccccc4)=N3)n2N)cc1,-8.913,-7.72
Z235446856,Cc1nn(C)c2nc(C3CC3)cc(C(=O)Nc3ccccc3O)c12,-9.249,-9.725
Z373317194,O=C(c1ccoc1)N1CCN(c2ncnc3cc(-c4ccc(F)cc4)sc23)CC1,-10.022,-8.789
Z100642558,CN(C)C(=O)c1cn(C)nc1-c1ccc2c(c1)OCCCO2,-12.773,-24.894
Z166819076,O=C(NCc1cn2ccccc2n1)c1ccc2c(=O)n(-c3ccccc3)c(=O)[nH]c2c1,-10.171,-9.488
Z56795653,c1ccc(OCc2nc3c4c(-c5ccccc5)c(-c5ccccc5)oc4ncn3n2)cc1,-10.382,-10.61
Z28468306,Cc1c(C(=O)Nc2ccnn2C2CCCC2)oc2c(Cl)cccc12,-9.2,-9.218
Z228032620,CCN(CC)CCn1c(NC(=O)c2ccc(OCC(F)(F)F)nc2)nc2ccccc21,-8.038,-7.793
Z913725738,COc1ccc(C(=O)N2CCCC2)cc1NC(=O)CC1CCCC1,-8.296,-7.815
Z412774176,CC(CCc1ccc(O)cc1)NC(=O)Nc1ccc(NC(=O)c2ccco2)cc1,-8.934,-8.088
Z199055452,Nc1nc(-c2ccccc2)c2cc(C(=O)c3ccccc3O)cnn12,-10.796,-10.081
Z139671368,CCn1c(CNc2ccc3c(C)cc(=O)oc3c2)nc2cc(S(=O)(=O)N3CCCCC3)ccc21,-10.538,-8.548
Z24778709,O=C(COc1cccnc1[N+](=O)[O-])Nc1ccc2c(c1)OCCO2,-7.693,-7.916
Z283846026,CN(Cc1ccc(F)cc1F)C(=O)c1cc(-c2ccccc2)nc2c1cnn2Cc1ccncc1,-10.349,-9.026
Z450112784,CC(C)CNC(=O)c1nn(-c2ccc(F)c(F)c2)c2c1CCC2,-9.001,-8.669
Z56791351,Cc1cc(C=NNc2nc(-c3ccc(F)cc3)cs2)c(C)n1-c1cc(Cl)ccc1Cl,-9.057,-8.665
Z96018682,CC(C)C(NC(=O)c1ccc(CNC(N)=O)cc1)c1ccccc1,-8.429,-8.165
Z1090594860,CCOCCCn1c(NC(=O)c2ccc3c(c2)CCN3C(C)=O)nc2ccccc21,-8.45,-7.989
Z1067269008,CN(C)C(=O)Cn1cc(NC(=O)c2ccc3cc[nH]c3c2)cn1,-7.889,-7.47
Z19512617,O=C(CSc1nnc(-c2c[nH]c3ccccc23)n1-c1ccc(Cl)cc1)N1CCCC1,-9.507,-9.26
Z826713788,Cc1cc(NC(=O)C=Cc2csc(C)n2)n(CCC#N)n1,-6.936,-6.593
Z166962724,O=C(NCCCN1CCOCC1)c1cc(-c2ccccc2)nc2c1cnn2Cc1cccc(F)c1,-10.348,-9.355
Z244011694,CN(C)C(CNC(=O)C1=Cc2ccccc2OC1)c1ccco1,-8.122,-7.93
Z226430254,O=C(CCNC(=O)c1ccco1)Nc1ccc2nc(N3CCCC3)sc2c1,-8.133,-7.521
Z154098858,CCOC(=O)c1c(C)oc2ncn(Cc3cccc(F)c3F)c(=O)c12,-9.493,-8.335
Z114950222,COc1cc(C=CC(=O)c2ccc3c(c2)NC(=O)CO3)ccc1O,-8.865,-8.811
Z32811942,Cc1noc(C)c1COc1ccc(C(=O)NCCCn2ccc3ccccc32)cc1,-9.646,-9.069
Z220421452,CC(Nc1ccc2nnnn2n1)c1ccc2c(c1)CCCC2,-9.883,-9.482
Z1251687771,Cc1cc(C(=O)Nc2nc3ccccc3n2C2CCCC2)nn1C,-9.122,-9.138
Z647976584,CCOC(=O)c1c(C)[nH]c(C(=O)NC(C)Cn2ccnc2)c1C,-6.913,-7.151
Z296452432,CC(C)(C)OC(=O)N1CCc2nc(NC(=O)c3csc(-c4ccco4)n3)sc2C1,-8.584,-7.356
Z68435865,O=C(Nc1nc2c(s1)CN(Cc1ccccc1)CC2)c1cc2c(nc3sccn32)s1,-9.674,-8.315
Z381180216,Cc1nnc(NC(=O)C2CC(c3cccc(F)c3)=NO2)s1,-8.268,-7.734
Z228519880,Cc1cc(COC(=O)c2cc(-c3ccccc3)nc3c2cnn3Cc2ccccc2)no1,-9.759,-8.996
Z383786992,O=C(Nc1cccc(COc2cccc(F)c2)c1)c1ccc(=O)[nH]n1,-8.818,-8.883
Z204342356,O=C(Nc1cc(-c2cccc([N+](=O)[O-])c2)sc1C(=O)O)c1ccc2c(c1)OCCO2,-9.585,-8.968
Z33270206,Cc1nc2ccc(NC(=O)CNC(=O)c3ccccc3F)cc2s1,-8.91,-8.355
Z164941068,O=C1CCc2cc(C(=O)Nc3nnc(SCc4c(Cl)cccc4Cl)s3)ccc2N1,-9.584,-8.606
Z56863397,Cc1cc(=O)[nH]c(SCC(=O)c2ccc3c(c2)NC(=O)CO3)n1,-8.658,-8.458
Z116386688,O=C(NCCCN1CCCC1=O)c1cc(-c2ccccc2)nc2c1cnn2Cc1cccc(F)c1,-10.2,-9.087
Z449311908,O=C(NCCc1ccc2c(c1)OCO2)N1CCC1c1ccccc1,-7.922,-8.741
Z16158532,COc1ccc(Nc2nc(COC(=O)CNS(=O)(=O)c3ccc(C)c(C)c3)cs2)cc1,-8.44,-6.866
Z412775020,O=C(NCCSCc1ccccc1)Nc1ccc(NC(=O)c2ccco2)cc1,-8.416,-7.117
Z1119644111,COc1ccc(-c2nc(CNC(=O)C3=NN(C)C(=O)CC3)n[nH]2)cc1,-8.283,-8.039
Z52005969,CC(C)n1ncc2c(C(=O)N3CCN(c4ccc(F)cc4)CC3)cc(-c3ccccc3)nc21,-10.907,-9.745
Z30903878,CC(=O)c1ccc(-c2ccc(C(=O)Nc3cc(F)ccc3C)o2)cc1,-9.589,-9.198
Z434613616,O=C(NCc1ccc(Cn2cccn2)cc1)Nc1ccc(NC(=O)c2ccccc2)cc1C(F)(F)F,-9.369,-8.399
Z30166588,Cc1nn(-c2ccccc2)c2sc(C(=O)NCc3ccccn3)cc12,-8.859,-8.868
Z226257158,COc1ccc(C=Cc2noc(C)c2NC(=O)c2cccs2)cc1,-8.272,-8.281
Z29956667,CCOC(=O)c1sc(-c2cccc([N+](=O)[O-])c2)cc1NC(=O)CCc1ccccc1,-9.053,-8.197
Z218238558,O=C(NCc1ccc(-c2nc3ccccc3s2)o1)c1ccco1,-8.561,-8.141
Z119992430,Cc1ccc2nc(-c3ccc(Nc4nnc(Cc5csc(C)n5)s4)cc3)sc2c1,-9.14,-9.92
Z297331992,CC(=O)Nc1ccc(F)c(NC(=O)c2cncn2-c2ccccc2)c1,-8.354,-8.045
Z62746884,COc1cc(NC(=O)c2ccccc2)c(OC)cc1NC(=O)COc1ccc(-c2nnco2)cc1,-9.672,-6.414
Z1131322534,CCc1cccc2c(C(=O)N3CCCC(n4cccn4)C3)c[nH]c12,-9.396,-8.911
Z275500628,CCn1c(CSc2nnc(-c3sc(C)nc3C)o2)nc2cc(S(=O)(=O)N(C)C)ccc21,-8.274,-6.472
Z238688270,CC1CN(CCCNc2ccc([N+](=O)[O-])c3nonc23)CC(C)O1,-7.511,-7.276
Z29076459,CCCn1c(NC(=O)c2ccc3c(c2)NC(=O)C(C)S3)nc2ccccc21,-9.242,-8.764
Z30888972,C=CCN1C(=O)c2ccc(C(=O)Nc3cc(C)cc(C)c3)cc2C1=O,-9.539,-9.246
Z193270258,Cc1noc(C)c1CCC(=O)Nc1nc2cc(C(F)(F)F)ccc2n1Cc1ccco1,-9.122,-8.948
Z729847414,O=[N+]([O-])c1ccc(Nc2cccc(N3CCCC3)c2)c([N+](=O)[O-])c1,-8.609,-8.449
Z1323958075,Cc1occc1CNC(=O)c1cc(-c2cccnc2)nc2c1cnn2Cc1cccnc1,-10.323,-9.354
Z381174904,N#Cc1ccc(NC(=O)c2ccn(-c3ccc(F)cc3)n2)cc1,-8.619,-8.401
Z19982748,COc1cccc(-c2nnc(SCC(=O)N3CCOCC3)n2-c2ccc(C)cc2)c1,-9.059,-8.463
Z955208208,CC(SCc1nc2c(c(=O)[nH]c(=O)n2C)n1C)c1ccccc1F,-8.813,-8.526
Z28274665,O=C(NCCCN1CCCC1=O)c1ccc(OCc2ccccc2)cc1,-7.904,-7.775
Z453887798,CCCn1nc(C(=O)Nc2cc(F)ccc2C(=O)OC)ccc1=O,-7.63,-7.793
Z56826603,COc1ccccc1NC(=O)c1ccc(NC(=S)NC(=O)c2ccc(F)cc2)cc1,-9.056,-8.39
Z228464750,N#Cc1ncn(CC(=O)Nc2sc3c(c2C#N)CCCC3)n1,-7.713,-7.257
Z19585008,Cc1cccc(-n2c(SCC(=O)N3CCOCC3)nnc2-c2c[nH]c3ccccc23)c1,-8.447,-8.851
Z28522952,Cc1onc(-c2ccccc2)c1C(=O)NC(C)c1ccc(F)cc1F,-9.395,-9.511
Z116345678,O=C(NCC1CCCO1)c1cc(-c2ccccc2)nc2c1cnn2Cc1ccncc1,-9.57,-8.556
Z362690030,Cc1ccccc1C(=O)Nc1cccc(Cn2ccnc2)c1,-8.381,-8.346
Z289107408,COC(=O)CNC(=O)c1ccc(NC(=O)c2cc(-c3ccc(Cl)cc3)on2)cc1,-8.192,-8.016
Z236079428,Cc1nc2c(C(N)=O)ncn2c(C)c1CCC(=O)Nc1ccc(NC(=O)c2ccco2)cc1,-8.448,-6.953
Z1081090404,CC(C)c1noc(-c2ccccc2C(=O)Nc2cccc(F)c2F)n1,-9.12,-9.339
Z373353716,COc1ccccc1C(=O)N1CCN(c2ncnc3cc(-c4ccc(F)cc4)sc23)CC1,-9.841,-9.037
Z368894682,c1ccc(C2c3cccn3CCN2Cc2nc(C3CC3)no2)cc1,-8.164,-9.128
Z16403278,Cc1cc(C(=O)CSc2nnc(COc3ccccc3Cl)o2)c(C)n1-c1ccccc1,-8.22,-7.436
Z1132002096,Cc1ccnc(NC(=O)CN(C)CC(=O)Nc2c(C)n[nH]c2C)c1,-7.362,-6.906
Z19512301,CCC1CCCCN1C(=O)CSc1nnc(-c2c[nH]c3ccccc23)n1-c1ccc(Cl)cc1,-9.426,-8.361
Z1002490390,CNC(=O)NC(=O)CCN1CCCC(C(=O)Nc2cccc(C)n2)C1,-8.18,-7.152
Z19982226,COc1cccc(-c2nnc(SCC(=O)N3CCCC3=O)n2-c2ccc(C)cc2)c1,-8.703,-8.42
Z908093290,Cc1cc(NC(=O)c2cc3ccccc3n2C)n(CCC#N)n1,-8.091,-7.998
Z98713016,O=C(CSc1nnc(-c2c[nH]c3ccccc23)n1-c1ccc(Cl)cc1)N1CCOC1=O,-9.341,-9.369
Z225596124,Cc1[nH]c(S)nc(=O)c1CCC(=O)Nc1cccc(C(C)C)c1,-8.307,-7.984
Z54635359,CCn1c(CSc2nnc(-c3cccs3)o2)nc2cc(S(=O)(=O)N(C)C)ccc21,-8.068,-7.682
Z873732192,CC(C)(C)n1c(NC(=O)c2cc(C(N)=O)cs2)nc2ccccc21,-8.378,-8.242
Z433536698,CC(Cn1ccnc1)NC(=O)Nc1ccc(NC(=O)C2CCCO2)cc1C(F)(F)F,-8.055,-7.861
Z927345340,O=C(CC1C(=O)Nc2ccccc21)Nc1ccccc1N1CCCCC1,-9.065,-9.04
Z25066256,CC(=O)Nc1ccc(SCC(=O)Nc2ccc(OCc3ccccc3)cc2)cc1,-8.498,-8.021
Z810583238,Cc1cnn(CCC(=O)Nc2ccc(-n3ccnc3C)c(F)c2)c1,-7.955,-7.884
Z434610754,COCCOc1ccc(CNC(=O)Nc2ccc(NC(=O)c3ccccc3)cc2C(F)(F)F)cc1,-8.533,-7.609
Z114950198,COc1ccc(C=CC(=O)c2ccc3c(c2)NC(=O)CO3)cc1,-8.983,-8.811
Z56874404,CCOC(=O)c1c(-c2ccccc2)oc2ccc(OCC(O)CN3CCCCC3)cc12.Cl,-9.258,-8.643
Z1139269112,O=C(CN1CCN(c2ccc3nncn3n2)CC1)Nc1ccncc1,-7.786,-7.77
Z108929700,CCCn1c(NC(=O)C2CCCN(S(=O)(=O)c3cccs3)C2)nc2ccccc21,-9.472,-8.719
Z52652203,Cc1ccc(C)n1NC(=O)c1ccc(OCC(=O)Nc2ccc(Cl)cc2F)cc1,-9.015,-7.825
Z392432232,COC(=O)c1cnc(NC(=O)c2cc(-c3ccccc3)no2)s1,-7.761,-7.622
Z816593716,Cc1ccc(C=CC(=O)Nc2ccc(NC(=O)c3cnoc3C)cc2)o1,-8.997,-8.333
Z30346213,O=C(Nc1c(C(=O)c2ccco2)oc2ccccc12)c1ccccc1,-9.554,-9.603
Z169847702,O=C(Nc1cc2c(cc1Cl)OCO2)c1ccc(-n2cccn2)cc1,-9.39,-8.767
Z1070147916,O=C(Nc1nc2cc(Cl)ccc2n1CCCc1ccccc1)c1ccc(N2CCOCC2)nc1,-10.082,-8.402
Z644675090,CC(=O)NC1CCCN(CCCc2nnnn2-c2ccccc2)C1,-7.912,-7.653
Z288515254,COc1cc(C(=O)NCCCN2CC(C)OC(C)C2)cc(OC)c1OCc1ccccc1,-8.489,-7.857
Z297739110,CCCCN1C(=O)C(=O)N(Cc2nc(-c3ccco3)no2)C1=O,-7.408,-7.233
Z29076846,CCCn1c(NC(=O)c2oc3ccccc3c2COC)nc2ccccc21,-9.12,-8.594
Z287985592,C#Cc1cccc(NC(=O)c2cccc(NC(=O)C3CCCO3)c2)c1,-8.659,-8.306
Z751330278,Cc1c(C(=O)Nc2ccc(NC(=O)c3ccco3)c(Cl)c2)oc2ccc(Cl)cc12,-9.599,-8.689
Z27673197,O=C(CCNC(=O)c1ccc([N+](=O)[O-])cc1)Nc1ccc(OCc2ccccc2)cc1,-8.523,-7.564
Z1141047029,Cc1nnc2n1CCN(CCC(=O)Nc1ccnn1C1CCCC1)C2,-8.251,-8.073
Z204342414,Cc1noc(C)c1CCC(=O)Nc1cc(-c2cccc([N+](=O)[O-])c2)sc1C(=O)O,-8.682,-8.147
Z1148512928,Cc1cc(C(=O)Nc2ccccc2NC(=O)Cc2cccs2)[nH]n1,-8.387,-8.197
Z57110413,O=C(Nc1cccc(Cl)c1)c1ccc(Nc2nc(-c3ccccc3)c3cc(Cl)ccc3n2)cc1,-10.021,-9.817
Z434841286,COc1ccc(Oc2ncccc2NC(=O)N2CCNC(=O)C2)cc1,-8.406,-8.124
Z935049818,O=C(Nc1ccc(Cn2cnc3ccccc32)cc1)c1csnn1,-8.74,-8.24
Z433748528,O=C(NCCCCN1CCOCC1)Nc1cccc(CN2CCOC2=O)c1,-7.785,-6.835
Z68610114,COc1ccc(C(=O)Nc2ccc3c(c2)CCC3)c(O)c1,-8.999,-8.44
Z56830808,O=C(CSc1nnc(-c2c(Cl)sc3ccccc23)n1-c1ccccc1)c1cccs1,-7.869,-8.073
Z48853050,Cc1sc(NCC2CCCO2)nc1-c1ccc(F)c(F)c1,-8.298,-8.471
Z15868946,O=C(COc1ccc(NC(=O)c2ccccc2)cc1)Nc1ccc(N2CCOCC2)cc1,-8.394,-8.349
Z30819627,CSc1cccc(N2CC(C(=O)Nc3nc(C)cs3)CC2=O)c1,-8.469,-8.086
Z64887321,COc1ccc([N+](=O)[O-])cc1NCC(=O)Nc1ccc(C(N)=O)cc1,-7.749,-7.07
Z392524588,COC(=O)c1cc(N2CCOCC2)ccc1NC(=O)c1sc(-c2ccc(C)o2)nc1C,-8.743,-7.449
Z30508551,O=C(NCC(O)c1ccc([N+](=O)[O-])cc1)c1ccc2ncsc2c1,-8.212,-7.904
Z92150117,Cc1nn(C)c(C)c1NC(=O)CN1C(=O)NC(Cc2c[nH]c3ccccc23)C1=O,-9.212,-8.571
Z1021669654,COc1ccc(-c2noc(=O)n2CCCn2cncn2)cc1OC,-7.18,-7.34
Z443973312,CC(C(=O)Nc1ccc(NC(=O)c2cc(-c3cccnc3)on2)cc1)n1cncn1,-8.569,-8.218
Z105489474,Cc1cc(F)ccc1NCc1nnc2n(C)c(=O)c3ccccc3n12,-10.46,-10.197
Z62786680,Cc1ccccc1C(C)NC(=O)CCc1c(C)nc2ncnn2c1C,-8.859,-8.947
Z29076765,CCCn1c(NC(=O)c2ccc3c(=O)n4c(nc3c2)CCC4)nc2ccccc21,-10.108,-10.035
Z995373390,O=C(Cn1c(-c2ncccn2)noc1=O)NCc1ccco1,-7.198,-7.207
Z131287106,CCN(CC)CCn1c(NC(=O)c2nc(C)n(-c3ccc(F)cc3)n2)nc2ccccc21,-9.696,-8.457
Z44397762,COc1ccc(-c2ccc(C=C3NC(=S)NC3=O)o2)c([N+](=O)[O-])c1,-8.497,-8.247
Z953859348,Cc1cc(CNC(=O)Nc2ccc3oc(-c4cc(F)ccc4Br)nc3c2)on1,-9.413,-8.534
Z336559962,COc1ncccc1CNC(=O)NCc1coc(-c2cccs2)n1,-7.281,-7.28
Z204342424,O=C(CCc1cccs1)Nc1cc(-c2cccc([N+](=O)[O-])c2)sc1C(=O)O,-8.463,-7.552
Z26332916,O=C(CN1C(=O)c2cccc3cccc1c23)NCc1ccc(F)cc1,-9.33,-9.451
Z413175002,CN(C)C(=O)COc1ccc(NC(=O)NCCc2ccc3c(c2)OCO3)cc1,-8.019,-7.433
Z905437510,CN(C(=O)Cn1ccc2cc([N+](=O)[O-])ccc21)C1CCCCCC1,-11.638,-124.996
Z825777164,Cc1n[nH]c2ncc(NC(=O)c3nn(-c4cccc(C(F)(F)F)c4)c(C)cc3=O)cc12,-10.938,-10.217
Z434823498,O=C(Nc1ccc(Oc2cccc(F)c2)nc1)N1CCOCC1,-8.297,-7.748
Z19447498,COc1ccc(C(=O)CSc2nnc(-c3ccc(Cl)cc3)n2CC2CCCO2)cc1,-9.478,-8.025
Z364980030,O=C(Cc1n[nH]c(=O)c2ccccc12)Nc1cccc(-n2cnnc2)c1,-9.268,-9.001
Z21573690,COc1ccc(Nc2nc(CSc3nnc4n3CCCCC4)cs2)cc1,-11.972,-29.843
Z29083339,NC(=O)c1ccsc1NC(=O)CN1C(=O)NC2(CCCC2)C1=O,-7.736,-7.92
Z286583760,Cc1ccc(CSc2nnc(NC(=O)Cc3csc(-c4ccco4)n3)s2)cc1,-8.877,-7.191
Z113852318,CCc1ccc(-c2nnn(CC(=O)Nc3c(C)cccc3C)n2)cc1,-9.011,-9.096
Z62881302,O=C(CCCc1cccs1)Nc1ccc2nc(N3CCOCC3)sc2c1,-7.804,-7.603
Z23291726,Cc1cc(NC(=O)COC(=O)c2ccc(N3CCCC3=O)cc2)no1,-8.472,-7.502
Z297268832,Cc1noc(C)c1COc1ccc(C(=O)NCCNC(=O)c2cccn2C)cc1,-8.542,-7.257
Z109955408,O=C(Nc1nc2c(s1)CCC2)c1ccc(-n2cnnn2)cc1,-8.679,-8.339
Z929632002,Cn1cc(-c2nc(C(=O)Nc3nc4cc(Cl)ccc4n3C)cs2)cn1,-8.515,-8.245
Z30618433,CCOC(=O)c1ccccc1NC(=O)c1ccc2[nH]cnc2c1,-8.13,-8.185
Z252934004,O=C(NCc1ccco1)Nc1ccc(NC(=O)c2cc(Br)ccc2Cl)cc1,-8.394,-7.51
Z354514576,CNC(=O)c1ccc(CN(CCOC)Cc2ccco2)cc1,-6.942,-6.725
Z68640047,CCn1c(NC(=O)C2CCCN(C(=O)c3ccc(Cl)cc3)C2)nc2ccccc21,-8.666,-8.715
Z298333424,CCCc1cc(C(=O)Nc2cc3c(cc2OCC)CC(C)O3)[nH]n1,-8.314,-7.768
Z104351370,Cc1ccc(C)c(NC(=O)Cn2nc(-c3cccs3)oc2=O)c1,-8.437,-8.499
Z368201138,O=C(Nc1ccc2nc(N3CCOCC3)sc2c1)c1cc(-c2ccc(F)cc2)[nH]n1,-8.86,-7.389
Z821190250,Cn1cc(C=CC(=O)c2ccc(Cl)s2)c(-c2ccncc2)n1,-8.122,-8.389
Z86400772,c1csc(CN2CCN(c3nc(CN4CCOCC4)nc4sc5c(c34)CCC5)CC2)c1,-11.696,-8.051
Z118701238,O=C(NCC1CCCO1)c1cc2ccccc2cc1NC(=O)C1CC1,-8.974,-8.62
Z29076463,CCCn1c(NC(=O)c2ccc3c(=O)n4c(nc3c2)CCCCC4)nc2ccccc21,-13.655,32.975
Z76794059,CCn1c2ccccc2c2cc(NC(=O)COC(=O)Cn3c(C)csc3=O)ccc21,-8.586,-8.335
Z19863961,COc1ccc(-n2c(SCC(=O)c3cc(C)n(C)c3C)nnc2-c2ccccc2)cc1,-8.961,-8.204
Z232630932,O=C1NC(c2c[nH]nc2-c2ccc3c(c2)OCCO3)Nc2ccccc21,-10.969,-11.121
Z1270081962,COCc1nc(NC(c2ncc(C)s2)C2CC2)c2c(-c3ccccc3)csc2n1,-8.461,-7.91
Z511608512,CN(C)S(=O)(=O)c1ccc(C(=O)Nc2nc3ccccc3n2-c2ccccc2)o1,-9.435,-8.541
Z62702954,Cc1noc(C)c1CC(=O)Nc1ccc(Cl)c(C(F)(F)F)c1,-8.302,-8.29
Z340444884,O=C(C(Cc1ccccc1)n1cnnn1)N1CCC2(CC1)OCCO2,-8.323,-8.37
Z18813202,O=C(COC(=O)c1sc2cc(F)ccc2c1Cl)Nc1nnc(-c2ccccc2)o1,-8.54,-8.446
Z275104392,CCN(CC)Cc1nc(N2CCN(C(=O)c3ccccc3F)CC2)c2c(C)c(C)sc2n1,-9.389,-7.464
Z19546723,Cc1ccc(-n2c(C)nnc2SCC(=O)Nc2cc(C)on2)cc1,-7.769,-7.367
Z19667517,COc1ccc(Nc2nc(COC(=O)c3cccc([N+](=O)[O-])c3)cs2)cc1,-8.076,-7.422
Z56826977,CCOC(=O)c1c(-c2ccccc2)oc2ccc(OCC(O)CN3CCOCC3)cc12,-9.226,-8.322
Z44484403,CCc1cc2c(CNc3cccc(C(N)=O)c3)cc(=O)oc2cc1O,-9.0,-8.747
Z18534307,COc1ccc(C=CC(=O)OCC(=O)Nc2nnc(-c3ccccc3)o2)c(OC)c1,-7.705,-6.819
Z365063240,CCCc1ccccc1NC(=O)c1cccc(NC(=O)C2CC2)c1,-8.222,-8.176
Z145811978,CC(CCc1ccco1)NC(=O)c1ccc(OCc2cn3ccccc3n2)cc1,-8.346,-8.177
Z384592984,CC(=O)c1c[nH]c(C(=O)NCc2cccnc2OC2CCCC2)c1,-8.033,-8.21
Z24593486,CCn1c(CSc2nnc(-c3ccoc3C)o2)nc2cc(S(=O)(=O)N(C)C)ccc21,-8.306,-7.297
Z240711628,O=C(Nc1cnc2ccccc2c1)c1ccc([N+](=O)[O-])cc1Cl,-9.049,-9.178
Z112426882,Cc1noc(C)c1COc1ccc(C(=O)OCc2nc(-c3ccsc3)no2)cc1,-8.505,-7.608
Z18421040,COc1cccc(NC(=O)COC(=O)c2cc(C)cc(C)c2)c1,-8.195,-7.937
Z1101562534,COC(=O)c1cc(C(=O)N(C)c2ccccc2)n(-c2ccccc2)n1,-8.503,-7.746
Z108929782,CCCn1c(NC(=O)c2cccc(CN3CCCC3=O)c2)nc2ccccc21,-9.29,-8.193
Z913701472,N#Cc1ccc(C(=O)NCc2noc(-c3cccs3)n2)cc1,-7.627,-7.826
Z56898031,CCOC(=O)c1c(-c2ccccc2)oc2ccc(OCC(O)CN3CCCC3)cc12.Cl,-8.569,-8.398
Z160783404,COc1ccc(NC(=O)c2ccccc2C)cc1Cc1ccccc1,-8.85,-8.862
Z15865035,COc1ccccc1C(=O)Nc1ccc(OCC(=O)c2cc(C)n(C)c2C)cc1,-8.918,-8.713
Z29076544,CCCn1c(NC(=O)c2ccc(NC(N)=O)cc2)nc2ccccc21,-8.28,-8.08
Z466757270,O=C(Cc1cccc(F)c1)NCC(=O)Nc1ccc2nc(N3CCCC3)sc2c1,-8.864,-8.318
Z643212368,OC(c1ccccc1)C1CCN(Cc2nnc(-c3ccco3)o2)CC1,-8.637,-8.686
Z107319362,COc1ccccc1NC(=O)c1ccc(NC(=O)COc2ccc(N3CCCC3=O)cc2)cc1,-10.266,-8.231
Z1022056870,CC(=O)N1c2ccccc2C[C@H]1C(=O)Nc1cc(C)nn1C(C)(C)C,-8.884,-8.235
Z128023350,Cc1c(-c2ccccc2)sc2ncnc(N3CCC(C(=O)N4CCCCCC4)CC3)c12,-12.571,-15.65
Z216848200,Cc1cc(NC(=O)CN2CCOC(C)C2)n(-c2ccccc2)n1,-8.235,-7.952
Z650926574,CCN1CCN(Cc2ccc(CNC(=O)c3cnn(-c4ccccc4C)c3C3CC3)cc2)CC1,-10.394,-5.574
Z16897651,CC(=O)c1ccc(NC(=O)COc2cccc3c2CCCC3O)cc1,-9.225,-8.314
Z16286584,Cc1noc(C)c1COc1ccc(C(=O)OCc2nnc(-c3ccc(Cl)cc3)o2)cc1,-9.04,-7.134
Z70996149,Cc1ccc2nc(-c3ccccc3)c(NC(=O)C3CCCC3)n2c1,-10.022,-8.757
Z27487522,O=C(CCNC(=O)c1ccccc1Cl)Nc1nnc(SCc2ccc(Cl)cc2)s1,-7.694,-7.17
Z87685100,O=C(CCn1c(=O)oc2ccccc21)Nc1cccc2cccnc12,-9.623,-9.067
Z225957644,O=C(Nc1ccc(-c2csc(N3CCOCC3)n2)cc1)c1cc(-c2ccco2)on1,-8.66,-8.202
Z359435986,COc1ccc(C(=O)Nc2ccccc2-n2nc(C)cc2C)cc1,-9.428,-8.558
Z204341226,Cc1c(C(=O)Nc2cc(-c3cccc([N+](=O)[O-])c3)sc2C(=O)O)oc2ccccc12,-10.125,-9.996
Z434141156,Cc1cc(CN(C)C(=O)Nc2cnc3c(cnn3C(C)C)c2)no1,-8.16,-7.413
Z28799615,Cc1noc(C)c1COc1ccc(C(=O)NCCCN(C)c2ccccc2)cc1,-8.571,-7.822
Z99097277,O=C(NC1=NCCS1)c1ccccc1-c1ncc(-c2ccccc2)o1,-9.681,-9.348
Z410406690,Cc1cc(C(C)NC(=O)Nc2nnc(SCc3ccccc3)s2)c(C)s1,-7.734,-7.655
Z31124080,COc1ccc(NC(C)=O)cc1Nc1ncnc2scc(-c3ccccc3)c12,-9.257,-8.571
Z433767378,O=C(Nc1cccc(CN2CCOC2=O)c1)NC1CCCC1,-8.197,-7.506
Z19198677,O=C(CSc1nnc(-c2ccc(Cl)cc2Cl)n1-c1ccc(F)c(Cl)c1)c1ccc[nH]1,-9.428,-8.973
Z829113176,O=C(Nc1cc(C2CC2)n[nH]1)c1ccc(N2CCCC2)c([N+](=O)[O-])c1,-8.808,-8.021
Z395240888,Cc1nc(-c2c(C)c(C)nn(C)c2=O)sc1C(=O)NCc1ccc(OC(F)(F)F)cc1,-9.007,-7.934
Z16254748,O=C(CSc1nnc(-c2ccc3c(c2)OCO3)n1-c1ccccc1)N1CCOCC1,-9.903,-8.414
Z46077242,O=C(C=Cc1ccc(Cl)c([N+](=O)[O-])c1)c1ccc2c(c1)OCCO2,-9.121,-8.817
Z952597190,Cc1cc(C(=O)Nc2cnn(CC(=O)NC3CCCC3)c2)c2ccccc2n1,-9.169,-8.616
Z29767749,CCOc1ccc(NC(=O)c2cccn2C)cc1OCC,-6.919,-6.887
Z90773645,Cc1nc(-c2cccs2)sc1C(=O)Nc1sc2c(c1C(N)=O)CCCC2,-8.236,-7.94
Z340480810,O=C(Nc1ccc(-n2ccnc2)nc1)c1ccc(C(F)(F)F)[nH]c1=O,-8.387,-8.369
Z19896185,COc1ccc(-n2c(SCC(=O)N3CCCC3=O)nnc2-c2ccccc2OC)cc1,-8.655,-7.406
Z980256608,O=C(Nc1ccnn1CCc1ccccc1)c1ccc(F)cc1F,-9.247,-9.268
Z109075772,CCn1c(NC(=O)c2cnn(Cc3ccccc3)c2)nc2ccccc21,-8.496,-8.458
Z411696750,CCn1cc(NC(=O)NCC(c2ccco2)N(C)C)cn1,-6.435,-6.53
Z240604600,O=C(Nc1nc2cc(C(F)(F)F)ccc2n1Cc1ccco1)c1cnc2ccccn2c1=O,-10.129,-9.891
Z357857984,CCOCc1ccccc1CNC(=O)c1cnc2c(c1)c(C)nn2C,-8.12,-7.796
Z1227522995,CC1=C(C(=O)Nc2ccccc2C)C(c2ccccn2)N2NC(SCc3ccccc3)=NC2=N1,-9.229,-7.172
Z247043362,O=C(NCCC1=CCCCC1)c1sccc1-n1cccc1,-7.934,-7.567
Z31258130,COc1cc(Cl)c(C)cc1Nc1ncnc2scc(-c3ccc(Cl)cc3)c12,-9.401,-9.478
Z1004409340,Cc1noc(CCNC(=O)NCCc2cccc(Cl)c2Cl)n1,-7.539,-6.825
Z227999944,O=C(NCCN1CCOCC1)c1cc(-c2ccccc2)nc2c1cnn2Cc1ccccc1,-9.555,-8.441
Z226390960,O=C(Nc1ccc(-c2nc3ccccc3o2)cc1)C1CCOCC1,-9.409,-9.115
Z56775588,O=C(C=Cc1ccc(Cl)cc1)Oc1cc(-c2cccc(C(F)(F)F)c2)c2oc(=O)sc2c1,-10.198,-10.51
Z51890102,CC(NC(=O)c1cc(C2CC2)nn1-c1ccccc1)c1cccs1,-8.352,-8.176
Z16592639,CCOc1ccc(-n2c(SCC(=O)N3CCOCC3)nnc2-c2cccc(C)c2)cc1,-8.952,-7.943
Z287913464,Cc1cccc(C(=O)Nc2nc(-c3ccc4c(c3)CCO4)cs2)n1,-9.401,-9.177
Z56831640,COc1ccc(NCc2nn3cc(-c4ccc(Cl)cc4)c4c3n2CCCC4)cc1,-13.94,-188.859
Z70956310,Cc1cccn2c(NC(=O)C3CC=CCC3)c(-c3ccccc3)nc12,-9.593,-9.811
Z466824928,CCCn1c(NC(=O)c2ccc(OCc3nccn3C)cc2)nc2ccccc21,-8.948,-7.734
Z27665429,CCc1nc2ccc(C(=O)Nc3nc4ccccc4[nH]3)cc2nc1CC,-10.208,-9.204
Z224256316,CCCn1c(NC(=O)c2ccc(NC(=O)C3CC3)s2)nc2ccccc21,-8.241,-7.935
Z106665716,CCOC(=O)C1=C(CN2CCCC2c2cccn2C)NC(=O)NC1,-6.93,-7.463
Z193271352,CC(=O)c1ccc(C(=O)Nc2nc3cc(C(F)(F)F)ccc3n2Cc2ccco2)s1,-9.311,-8.222
Z434191644,CC1CCN(CCNC(=O)Nc2ccc(N3CCOCC3)nc2)CC1,-7.823,-7.527
Z29076322,CCCn1c(NC(=O)c2oc3ccccc3c2CSC)nc2ccccc21,-8.995,-8.996
Z282474144,O=C1CCc2cc(OC(=O)c3ccc([N+](=O)[O-])cc3Cl)ccc2N1,-9.426,-8.841
Z252933976,Cc1ccc(C)c(C(=O)Nc2ccc(NC(=O)NCc3ccco3)cc2)c1,-9.278,-8.631
Z1171354817,Cc1noc(C)c1CNc1c(N2CCCC2)cccc1N1CCCC1,-8.305,-8.017
Z234863664,O=C(Nc1ccccc1O)c1cc(-c2cccnc2)nc2c1cnn2Cc1ccccc1Cl,-11.569,-10.188
Z27726861,CC1CN(C(=O)c2cc(-c3ccncc3)nc3ccccc23)CC(C)O1,-10.745,-9.142
Z872215650,CC(C)(C)n1c(NC(=O)c2ccc(Cn3ccccc3=O)o2)nc2ccccc21,-9.022,-8.545
Z1082330728,Cc1ccc(C(=O)Nc2nc3ccccc3c(=O)[nH]2)cc1[N+](=O)[O-],-10.006,-9.873
Z240716472,Cc1noc2nc(-c3ccco3)cc(C(=O)Nc3cnc4ccccc4c3)c12,-10.654,-9.876
Z771646542,CC(OCc1ccccc1)C(=O)Nc1cc(-n2cnnn2)ccc1F,-8.336,-8.163
Z423127042,Cc1c(C(=O)Nc2cccc(N3CCNC3=O)c2)oc2ccc(F)cc12,-10.173,-9.668
Z374047122,CN(CC(=O)Nc1ccccc1)C(=O)c1cc2c(s1)CCCCC2,-11.899,-158.902
Z167631076,CCOC(=O)C=Cc1ccc(NC(=O)c2sc(-c3ccsc3)nc2C)cc1,-8.057,-7.349
Z24592206,CCn1c(CSc2nnc(-c3ccoc3C)o2)nc2cc(S(=O)(=O)N3CCCCC3)ccc21,-7.928,-7.922
Z90934948,O=C(Nc1c(-c2ccccc2)nc2ccccn12)c1ccc(F)cc1F,-10.035,-10.4
Z109323132,CN(Cc1ccccc1F)C(=O)c1cc(-c2ccccc2)nc2c1cnn2Cc1ccncc1,-10.199,-8.894
Z134853188,O=c1[nH]c(CSC2=NC3CCCCC3N2)nc2ccc(Cl)cc12,-8.595,-8.713
Z65670708,CCOC(=O)c1c(-c2ccc(OC)cc2)csc1NC(=O)CCNC(=O)c1cccs1,-8.488,-7.069
Z236318638,CC(C)N=c1ccccn1C(=O)Cc1coc(-c2ccccc2)n1,-9.094,-8.342
Z56947229,Cc1ccc2oc(-c3ccc(NC(=O)CSc4ccc(Cl)cc4)cc3)nc2c1,-9.591,-8.21
Z134822038,c1coc(CNC2=NN=C(c3ccc4c(c3)OCCCO4)CS2)c1,-13.067,-8.396
Z57110409,Cc1ccc2nc(Nc3ccc(C(=O)Nc4ccccc4)cc3)nc(-c3ccccc3)c2c1,-11.009,-9.399
Z1002250664,Cc1oc(-c2ccccc2)nc1CCNc1nc2ccccc2o1,-8.642,-8.683
Z52652133,COc1ccc(NC(=O)COc2ccc(C(=O)Nn3c(C)ccc3C)cc2)cc1Cl,-8.647,-7.938
Z18416283,Cc1csc2nc(COC(=O)c3cccc(N(C)C)c3)cc(=O)n12,-7.945,-7.812
Z653346990,O=C(Nc1nnc(-c2ccccn2)[nH]1)c1cccc(NC(=O)C2CCCO2)c1,-8.828,-8.4
Z803223918,COc1cccc(-c2nnc(SCc3noc(C4CC4)n3)n2C)c1,-7.811,-7.61
Z165940634,CC(C)CCNc1nc(C(=O)OCc2ccc(C(N)=O)cc2)cs1,-7.863,-7.1
Z62882165,O=C(Cc1csc(-c2ccccc2)n1)Nc1ccc2nc(N3CCOCC3)sc2c1,-9.129,-8.069
Z228469140,N#Cc1ncn(CCC(=O)NC(=O)NCc2ccccc2)n1,-7.482,-7.281
